/bin/sh: 1: /home/thennarasu/bench-cli-env/bin/bench: not found
set -o pipefail; /usr/bin/mariadb-dump --user=_1f3a7ccb229053db --host=127.0.0.1 --port=3306 --password=********** --single-transaction --quick --lock-tables=false _1f3a7ccb229053db | /usr/bin/gzip >> ./mysite.local/private/backups/20260715_173003-mysite_local-database.sql.gz

Backup Summary for mysite.local at 2026-07-15 17:30:03.708154
Config  : /home/thennarasu/new-bench/sites/mysite.local/private/backups/20260715_173003-mysite_local-site_config_backup.json 200.0B
Database: /home/thennarasu/new-bench/sites/mysite.local/private/backups/20260715_173003-mysite_local-database.sql.gz 258.9KiB
Backup for Site mysite.local has been successfully completed
/bin/sh: 1: /home/thennarasu/bench-cli-env/bin/bench: not found
set -o pipefail; /usr/bin/mariadb-dump --user=_790e3cbedbf5b420 --host=127.0.0.1 --port=3306 --password=********** --single-transaction --quick --lock-tables=false _790e3cbedbf5b420 | /usr/bin/gzip >> ./library.local/private/backups/20260716_173001-library_local-database.sql.gz

Backup Summary for library.local at 2026-07-16 17:30:02.292394
Config  : /home/thennarasu/new-bench/sites/library.local/private/backups/20260716_173001-library_local-site_config_backup.json 209.0B
Database: /home/thennarasu/new-bench/sites/library.local/private/backups/20260716_173001-library_local-database.sql.gz 253.4KiB
Backup for Site library.local has been successfully completed
File ./mysite.local/private/backups/20260715_173003-mysite_local-site_config_backup.json is older than 23 hours
File ./mysite.local/private/backups/20260715_173003-mysite_local-database.sql.gz is older than 23 hours
set -o pipefail; /usr/bin/mariadb-dump --user=_1f3a7ccb229053db --host=127.0.0.1 --port=3306 --password=********** --single-transaction --quick --lock-tables=false _1f3a7ccb229053db | /usr/bin/gzip >> ./mysite.local/private/backups/20260716_173002-mysite_local-database.sql.gz

Backup Summary for mysite.local at 2026-07-16 17:30:03.136884
Config  : /home/thennarasu/new-bench/sites/mysite.local/private/backups/20260716_173002-mysite_local-site_config_backup.json 200.0B
Database: /home/thennarasu/new-bench/sites/mysite.local/private/backups/20260716_173002-mysite_local-database.sql.gz 261.6KiB
Backup for Site mysite.local has been successfully completed
/bin/sh: 1: /home/thennarasu/bench-cli-env/bin/bench: not found
set -o pipefail; /usr/bin/mariadb-dump --user=_790e3cbedbf5b420 --host=127.0.0.1 --port=3306 --password=********** --single-transaction --quick --lock-tables=false _790e3cbedbf5b420 | /usr/bin/gzip >> ./library.local/private/backups/20260721_113002-library_local-database.sql.gz

Backup Summary for library.local at 2026-07-21 11:30:03.251109
Config  : /home/thennarasu/new-bench/sites/library.local/private/backups/20260721_113002-library_local-site_config_backup.json 209.0B
Database: /home/thennarasu/new-bench/sites/library.local/private/backups/20260721_113002-library_local-database.sql.gz 297.7KiB
Backup for Site library.local has been successfully completed
File ./mysite.local/private/backups/20260716_173002-mysite_local-database.sql.gz is older than 23 hours
File ./mysite.local/private/backups/20260716_173002-mysite_local-site_config_backup.json is older than 23 hours
set -o pipefail; /usr/bin/mariadb-dump --user=_1f3a7ccb229053db --host=127.0.0.1 --port=3306 --password=********** --single-transaction --quick --lock-tables=false _1f3a7ccb229053db | /usr/bin/gzip >> ./mysite.local/private/backups/20260721_113003-mysite_local-database.sql.gz

Backup Summary for mysite.local at 2026-07-21 11:30:04.161622
Config  : /home/thennarasu/new-bench/sites/mysite.local/private/backups/20260721_113003-mysite_local-site_config_backup.json 200.0B
Database: /home/thennarasu/new-bench/sites/mysite.local/private/backups/20260721_113003-mysite_local-database.sql.gz 268.1KiB
Backup for Site mysite.local has been successfully completed
/bin/sh: 1: /home/thennarasu/bench-cli-env/bin/bench: not found
set -o pipefail; /usr/bin/mariadb-dump --user=_790e3cbedbf5b420 --host=127.0.0.1 --port=3306 --password=********** --single-transaction --quick --lock-tables=false _790e3cbedbf5b420 | /usr/bin/gzip >> ./library.local/private/backups/20260722_113002-library_local-database.sql.gz

Backup Summary for library.local at 2026-07-22 11:30:02.912282
Config  : /home/thennarasu/new-bench/sites/library.local/private/backups/20260722_113002-library_local-site_config_backup.json 209.0B
Database: /home/thennarasu/new-bench/sites/library.local/private/backups/20260722_113002-library_local-database.sql.gz 340.9KiB
Backup for Site library.local has been successfully completed
File ./mysite.local/private/backups/20260721_113003-mysite_local-database.sql.gz is older than 23 hours
File ./mysite.local/private/backups/20260721_113003-mysite_local-site_config_backup.json is older than 23 hours
set -o pipefail; /usr/bin/mariadb-dump --user=_1f3a7ccb229053db --host=127.0.0.1 --port=3306 --password=********** --single-transaction --quick --lock-tables=false _1f3a7ccb229053db | /usr/bin/gzip >> ./mysite.local/private/backups/20260722_113002-mysite_local-database.sql.gz

Backup Summary for mysite.local at 2026-07-22 11:30:03.758832
Config  : /home/thennarasu/new-bench/sites/mysite.local/private/backups/20260722_113002-mysite_local-site_config_backup.json 200.0B
Database: /home/thennarasu/new-bench/sites/mysite.local/private/backups/20260722_113002-mysite_local-database.sql.gz 269.0KiB
Backup for Site mysite.local has been successfully completed
/bin/sh: 1: /home/thennarasu/bench-cli-env/bin/bench: not found
set -o pipefail; /usr/bin/mariadb-dump --user=_790e3cbedbf5b420 --host=127.0.0.1 --port=3306 --password=********** --single-transaction --quick --lock-tables=false _790e3cbedbf5b420 | /usr/bin/gzip >> ./library.local/private/backups/20260722_173002-library_local-database.sql.gz

Backup Summary for library.local at 2026-07-22 17:30:03.394367
Config  : /home/thennarasu/new-bench/sites/library.local/private/backups/20260722_173002-library_local-site_config_backup.json 276.0B
Database: /home/thennarasu/new-bench/sites/library.local/private/backups/20260722_173002-library_local-database.sql.gz 4.3MiB
Backup for Site library.local has been successfully completed
File ./mysite.local/private/backups/20260722_113002-mysite_local-site_config_backup.json is recent
File ./mysite.local/private/backups/20260722_113002-mysite_local-database.sql.gz is recent
set -o pipefail; /usr/bin/mariadb-dump --user=_1f3a7ccb229053db --host=127.0.0.1 --port=3306 --password=********** --single-transaction --quick --lock-tables=false _1f3a7ccb229053db | /usr/bin/gzip >> ./mysite.local/private/backups/20260722_173003-mysite_local-database.sql.gz

Backup Summary for mysite.local at 2026-07-22 17:30:04.190516
Config  : /home/thennarasu/new-bench/sites/mysite.local/private/backups/20260722_173003-mysite_local-site_config_backup.json 200.0B
Database: /home/thennarasu/new-bench/sites/mysite.local/private/backups/20260722_173003-mysite_local-database.sql.gz 270.2KiB
Backup for Site mysite.local has been successfully completed
/bin/sh: 1: /home/thennarasu/bench-cli-env/bin/bench: not found
set -o pipefail; /usr/bin/mariadb-dump --user=_790e3cbedbf5b420 --host=127.0.0.1 --port=3306 --password=********** --single-transaction --quick --lock-tables=false _790e3cbedbf5b420 | /usr/bin/gzip >> ./library.local/private/backups/20260723_113002-library_local-database.sql.gz

Backup Summary for library.local at 2026-07-23 11:30:03.246793
Config  : /home/thennarasu/new-bench/sites/library.local/private/backups/20260723_113002-library_local-site_config_backup.json 276.0B
Database: /home/thennarasu/new-bench/sites/library.local/private/backups/20260723_113002-library_local-database.sql.gz 4.3MiB
Backup for Site library.local has been successfully completed
File ./mysite.local/private/backups/20260722_113002-mysite_local-site_config_backup.json is older than 23 hours
File ./mysite.local/private/backups/20260722_113002-mysite_local-database.sql.gz is older than 23 hours
File ./mysite.local/private/backups/20260722_173003-mysite_local-site_config_backup.json is recent
File ./mysite.local/private/backups/20260722_173003-mysite_local-database.sql.gz is recent
set -o pipefail; /usr/bin/mariadb-dump --user=_1f3a7ccb229053db --host=127.0.0.1 --port=3306 --password=********** --single-transaction --quick --lock-tables=false _1f3a7ccb229053db | /usr/bin/gzip >> ./mysite.local/private/backups/20260723_113003-mysite_local-database.sql.gz

Backup Summary for mysite.local at 2026-07-23 11:30:04.037084
Config  : /home/thennarasu/new-bench/sites/mysite.local/private/backups/20260723_113003-mysite_local-site_config_backup.json 200.0B
Database: /home/thennarasu/new-bench/sites/mysite.local/private/backups/20260723_113003-mysite_local-database.sql.gz 270.5KiB
Backup for Site mysite.local has been successfully completed
/bin/sh: 1: /home/thennarasu/bench-cli-env/bin/bench: not found
set -o pipefail; /usr/bin/mariadb-dump --user=_471d97967027c1d4 --host=127.0.0.1 --port=3306 --password=********** --single-transaction --quick --lock-tables=false _471d97967027c1d4 | /usr/bin/gzip >> ./cabs/private/backups/20260729_113003-cabs-database.sql.gz

Backup Summary for cabs at 2026-07-29 11:30:04.715218
Config  : /home/thennarasu/new-bench/sites/cabs/private/backups/20260729_113003-cabs-site_config_backup.json 163.0B
Database: /home/thennarasu/new-bench/sites/cabs/private/backups/20260729_113003-cabs-database.sql.gz 247.2KiB
Backup for Site cabs has been successfully completed
File ./library.local/private/backups/20260722_173002-library_local-database.sql.gz is older than 23 hours
File ./library.local/private/backups/20260722_173002-library_local-site_config_backup.json is older than 23 hours
File ./library.local/private/backups/20260723_113002-library_local-database.sql.gz is older than 23 hours
File ./library.local/private/backups/20260723_113002-library_local-site_config_backup.json is older than 23 hours
set -o pipefail; /usr/bin/mariadb-dump --user=_790e3cbedbf5b420 --host=127.0.0.1 --port=3306 --password=********** --single-transaction --quick --lock-tables=false _790e3cbedbf5b420 | /usr/bin/gzip >> ./library.local/private/backups/20260729_113004-library_local-database.sql.gz

Backup Summary for library.local at 2026-07-29 11:30:06.222154
Config  : /home/thennarasu/new-bench/sites/library.local/private/backups/20260729_113004-library_local-site_config_backup.json 294.0B
Database: /home/thennarasu/new-bench/sites/library.local/private/backups/20260729_113004-library_local-database.sql.gz 4.3MiB
Backup for Site library.local has been successfully completed
File ./mysite.local/private/backups/20260723_113003-mysite_local-database.sql.gz is older than 23 hours
File ./mysite.local/private/backups/20260722_173003-mysite_local-site_config_backup.json is older than 23 hours
File ./mysite.local/private/backups/20260722_173003-mysite_local-database.sql.gz is older than 23 hours
File ./mysite.local/private/backups/20260723_113003-mysite_local-site_config_backup.json is older than 23 hours
set -o pipefail; /usr/bin/mariadb-dump --user=_1f3a7ccb229053db --host=127.0.0.1 --port=3306 --password=********** --single-transaction --quick --lock-tables=false _1f3a7ccb229053db | /usr/bin/gzip >> ./mysite.local/private/backups/20260729_113006-mysite_local-database.sql.gz

Backup Summary for mysite.local at 2026-07-29 11:30:07.318830
Config  : /home/thennarasu/new-bench/sites/mysite.local/private/backups/20260729_113006-mysite_local-site_config_backup.json 200.0B
Database: /home/thennarasu/new-bench/sites/mysite.local/private/backups/20260729_113006-mysite_local-database.sql.gz 270.6KiB
Backup for Site mysite.local has been successfully completed
set -o pipefail; /usr/bin/mariadb-dump --user=_e3de23dabe070975 --host=127.0.0.1 --port=3306 --password=********** --single-transaction --quick --lock-tables=false _e3de23dabe070975 | /usr/bin/gzip >> ./project/private/backups/20260729_113007-project-database.sql.gz

Backup Summary for project at 2026-07-29 11:30:08.530257
Config  : /home/thennarasu/new-bench/sites/project/private/backups/20260729_113007-project-site_config_backup.json 221.0B
Database: /home/thennarasu/new-bench/sites/project/private/backups/20260729_113007-project-database.sql.gz 286.7KiB
Backup for Site project has been successfully completed
Backup failed for Site project1. Database or site_config.json may be corrupted
Traceback with variables (most recent call last):
  File "apps/frappe/frappe/commands/site.py", line 881, in backup
    odb = scheduled_backup(
      context = CliCtxObj(force=False, profile=False, sites=['cabs', 'library.local', 'mysite.local', 'project', 'project1'], verbose=True)
      with_files = False
      backup_path = None
      backup_path_db = None
      backup_path_files = None
      backup_path_private_files = None
      backup_path_conf = None
      ignore_backup_conf = False
      verbose = True
      compress = False
      include = ''
      exclude = ''
      old_backup_metadata = False
      scheduled_backup = <function scheduled_backup at 0x74d554b1e980>
      exit_code = 0
      rollback_callback = None
      site = 'project1'
      odb = frappe.utils.backups.BackupGenerator(backup_excludes=[], backup_includes=[], backup_path=None, backup_path_conf='./project/private/backups/20260729_113007-project-site_config_backup.json', backup_path_db='./project/private/backups/20260729_113007-project-database.sql.gz', backup_path_files='./project/private/backups/20260729_113007-project-files.tar', backup_path_private_files='./project/private/backups/20260729_113007-project-private-files.tar', compress_files=False, db_host='127.0.0.1', db_name='_e3de23dabe070975', db_port=3306, db_socket=None, db_type='mariadb', exclude_doctypes='', ignore_conf=False, include_doctypes='', old_backup_metadata=False, partial=[], password='ZoAg2AGlD9iZ5FXr', rollback_callback=frappe.utils.CallbackManager(-), site_slug='project', todays_date='20260729_113007', user='_e3de23dabe070975', verbose=True)
  File "apps/frappe/frappe/utils/backups.py", line 589, in scheduled_backup
    return new_backup(
      older_than = 6
      ignore_files = True
      backup_path = None
      backup_path_db = None
      backup_path_files = None
      backup_path_private_files = None
      backup_path_conf = None
      ignore_conf = False
      include_doctypes = ''
      exclude_doctypes = ''
      compress = False
      force = True
      verbose = True
      old_backup_metadata = False
      rollback_callback = frappe.utils.CallbackManager()
  File "apps/frappe/frappe/utils/backups.py", line 626, in new_backup
    odb = BackupGenerator(
      older_than = 6
      ignore_files = True
      backup_path = None
      backup_path_db = None
      backup_path_files = None
      backup_path_private_files = None
      backup_path_conf = None
      ignore_conf = False
      include_doctypes = ''
      exclude_doctypes = ''
      compress = False
      force = True
      verbose = True
      old_backup_metadata = False
      rollback_callback = frappe.utils.CallbackManager()
  File "apps/frappe/frappe/utils/backups.py", line 89, in __init__
    self.setup_backup_tables()
      self = frappe.utils.backups.BackupGenerator(backup_path=None, backup_path_conf=None, backup_path_db=None, backup_path_files=None, backup_path_private_files=None, compress_files=False, db_host='127.0.0.1', db_name='_6f50fd9bd43e311e', db_port=3306, db_socket=None, db_type='mariadb', exclude_doctypes='', ignore_conf=False, include_doctypes='', old_backup_metadata=False, partial=False, password='E761HvvGjonQZzLO', rollback_callback=frappe.utils.CallbackManager(-), site_slug='project1', user='_6f50fd9bd43e311e', verbose=True)
      db_name = '_6f50fd9bd43e311e'
      user = '_6f50fd9bd43e311e'
      password = ********
      backup_path = None
      backup_path_db = None
      backup_path_files = None
      backup_path_private_files = None
      db_socket = None
      db_host = '127.0.0.1'
      db_port = 3306
      db_type = 'mariadb'
      backup_path_conf = None
      ignore_conf = False
      compress_files = False
      include_doctypes = ''
      exclude_doctypes = ''
      verbose = True
      old_backup_metadata = False
      rollback_callback = frappe.utils.CallbackManager()
      site = 'project1'
  File "apps/frappe/frappe/utils/backups.py", line 126, in setup_backup_tables
    self._set_existing_tables()
      self = frappe.utils.backups.BackupGenerator(backup_path=None, backup_path_conf=None, backup_path_db=None, backup_path_files=None, backup_path_private_files=None, compress_files=False, db_host='127.0.0.1', db_name='_6f50fd9bd43e311e', db_port=3306, db_socket=None, db_type='mariadb', exclude_doctypes='', ignore_conf=False, include_doctypes='', old_backup_metadata=False, partial=False, password='E761HvvGjonQZzLO', rollback_callback=frappe.utils.CallbackManager(-), site_slug='project1', user='_6f50fd9bd43e311e', verbose=True)
  File "apps/frappe/frappe/utils/backups.py", line 122, in _set_existing_tables
    self._existing_tables = frappe.db.get_tables()
      self = frappe.utils.backups.BackupGenerator(backup_path=None, backup_path_conf=None, backup_path_db=None, backup_path_files=None, backup_path_private_files=None, compress_files=False, db_host='127.0.0.1', db_name='_6f50fd9bd43e311e', db_port=3306, db_socket=None, db_type='mariadb', exclude_doctypes='', ignore_conf=False, include_doctypes='', old_backup_metadata=False, partial=False, password='E761HvvGjonQZzLO', rollback_callback=frappe.utils.CallbackManager(-), site_slug='project1', user='_6f50fd9bd43e311e', verbose=True)
  File "apps/frappe/frappe/database/mariadb/mysqlclient.py", line 524, in get_tables
    .run(pluck=True)
      self = frappe.database.mariadb.mysqlclient.MariaDBDatabase(after_commit=frappe.utils.CallbackManager(-), after_rollback=frappe.utils.CallbackManager(-), auto_commit_on_many_writes=0, before_commit=frappe.utils.CallbackManager(-), before_rollback=frappe.utils.CallbackManager(-), cur_db_name='_6f50fd9bd43e311e', db_type='mariadb', host='127.0.0.1', logger=<Logger database-project1 (WARNING)>, password='E761HvvGjonQZzLO', port=3306, socket=None, transaction_writes=0, type_map={'Currency': ('decimal', '21,9'), 'Int': ('int', '11'), 'Long Int': ('bigint', '20'), 'Float': ('decimal', '21,9'), 'Percent': ('decimal', '21,9'), 'Check': ('tinyint', '4'), 'Small Text': ('text', ''), 'Long Text': ('longtext...'), 'Color': ('varchar', 140), 'Barcode': ('longtext', ''), 'Geolocation': ('longtext', ''), 'Duration': ('decimal', '21,9'), 'Icon': ('varchar', 140), 'Phone': ('varchar', 140), 'Autocomplete': ('varchar', 140), 'JSON': ('json', '')}, user='_6f50fd9bd43e311e', value_cache=collections.defaultdict{})
      cached = True
      to_query = True
      tables = None
      information_schema = pypika.queries.Schema()
  File "apps/frappe/frappe/query_builder/utils.py", line 131, in execute_query
    result = frappe.local.db.sql(query, params, *args, **kwargs)  # nosemgrep
      query = 'SELECT `table_name` FROM `information_schema`.`tables` WHERE `table_schema`=%(param1)s'
      args = ()
      kwargs = {'pluck': True}
      dt = None
      fields = []
      child_queries = "_child_queries"
      params = {'param1': '_6f50fd9bd43e311e'}
  File "apps/frappe/frappe/database/database.py", line 249, in sql
    self.connect()
      self = frappe.database.mariadb.mysqlclient.MariaDBDatabase(after_commit=frappe.utils.CallbackManager(-), after_rollback=frappe.utils.CallbackManager(-), auto_commit_on_many_writes=0, before_commit=frappe.utils.CallbackManager(-), before_rollback=frappe.utils.CallbackManager(-), cur_db_name='_6f50fd9bd43e311e', db_type='mariadb', host='127.0.0.1', logger=<Logger database-project1 (WARNING)>, password='E761HvvGjonQZzLO', port=3306, socket=None, transaction_writes=0, type_map={'Currency': ('decimal', '21,9'), 'Int': ('int', '11'), 'Long Int': ('bigint', '20'), 'Float': ('decimal', '21,9'), 'Percent': ('decimal', '21,9'), 'Check': ('tinyint', '4'), 'Small Text': ('text', ''), 'Long Text': ('longtext...'), 'Color': ('varchar', 140), 'Barcode': ('longtext', ''), 'Geolocation': ('longtext', ''), 'Duration': ('decimal', '21,9'), 'Icon': ('varchar', 140), 'Phone': ('varchar', 140), 'Autocomplete': ('varchar', 140), 'JSON': ('json', '')}, user='_6f50fd9bd43e311e', value_cache=collections.defaultdict{})
      query = 'SELECT `table_name` FROM `information_schema`.`tables` WHERE `table_schema`=%(param1)s'
      values = {'param1': '_6f50fd9bd43e311e'}
      as_dict = 0
      as_list = 0
      debug = False
      ignore_ddl = 0
      auto_commit = 0
      update = None
      explain = False
      run = True
      pluck = True
      as_iterator = False
      query_type = 'select'
  File "apps/frappe/frappe/database/database.py", line 147, in connect
    self.get_connection()
      self = frappe.database.mariadb.mysqlclient.MariaDBDatabase(after_commit=frappe.utils.CallbackManager(-), after_rollback=frappe.utils.CallbackManager(-), auto_commit_on_many_writes=0, before_commit=frappe.utils.CallbackManager(-), before_rollback=frappe.utils.CallbackManager(-), cur_db_name='_6f50fd9bd43e311e', db_type='mariadb', host='127.0.0.1', logger=<Logger database-project1 (WARNING)>, password='E761HvvGjonQZzLO', port=3306, socket=None, transaction_writes=0, type_map={'Currency': ('decimal', '21,9'), 'Int': ('int', '11'), 'Long Int': ('bigint', '20'), 'Float': ('decimal', '21,9'), 'Percent': ('decimal', '21,9'), 'Check': ('tinyint', '4'), 'Small Text': ('text', ''), 'Long Text': ('longtext...'), 'Color': ('varchar', 140), 'Barcode': ('longtext', ''), 'Geolocation': ('longtext', ''), 'Duration': ('decimal', '21,9'), 'Icon': ('varchar', 140), 'Phone': ('varchar', 140), 'Autocomplete': ('varchar', 140), 'JSON': ('json', '')}, user='_6f50fd9bd43e311e', value_cache=collections.defaultdict{})
  File "apps/frappe/frappe/database/mariadb/mysqlclient.py", line 113, in get_connection
    conn = self._get_connection()
      self = frappe.database.mariadb.mysqlclient.MariaDBDatabase(after_commit=frappe.utils.CallbackManager(-), after_rollback=frappe.utils.CallbackManager(-), auto_commit_on_many_writes=0, before_commit=frappe.utils.CallbackManager(-), before_rollback=frappe.utils.CallbackManager(-), cur_db_name='_6f50fd9bd43e311e', db_type='mariadb', host='127.0.0.1', logger=<Logger database-project1 (WARNING)>, password='E761HvvGjonQZzLO', port=3306, socket=None, transaction_writes=0, type_map={'Currency': ('decimal', '21,9'), 'Int': ('int', '11'), 'Long Int': ('bigint', '20'), 'Float': ('decimal', '21,9'), 'Percent': ('decimal', '21,9'), 'Check': ('tinyint', '4'), 'Small Text': ('text', ''), 'Long Text': ('longtext...'), 'Color': ('varchar', 140), 'Barcode': ('longtext', ''), 'Geolocation': ('longtext', ''), 'Duration': ('decimal', '21,9'), 'Icon': ('varchar', 140), 'Phone': ('varchar', 140), 'Autocomplete': ('varchar', 140), 'JSON': ('json', '')}, user='_6f50fd9bd43e311e', value_cache=collections.defaultdict{})
  File "apps/frappe/frappe/database/mariadb/mysqlclient.py", line 118, in _get_connection
    return self.create_connection()
      self = frappe.database.mariadb.mysqlclient.MariaDBDatabase(after_commit=frappe.utils.CallbackManager(-), after_rollback=frappe.utils.CallbackManager(-), auto_commit_on_many_writes=0, before_commit=frappe.utils.CallbackManager(-), before_rollback=frappe.utils.CallbackManager(-), cur_db_name='_6f50fd9bd43e311e', db_type='mariadb', host='127.0.0.1', logger=<Logger database-project1 (WARNING)>, password='E761HvvGjonQZzLO', port=3306, socket=None, transaction_writes=0, type_map={'Currency': ('decimal', '21,9'), 'Int': ('int', '11'), 'Long Int': ('bigint', '20'), 'Float': ('decimal', '21,9'), 'Percent': ('decimal', '21,9'), 'Check': ('tinyint', '4'), 'Small Text': ('text', ''), 'Long Text': ('longtext...'), 'Color': ('varchar', 140), 'Barcode': ('longtext', ''), 'Geolocation': ('longtext', ''), 'Duration': ('decimal', '21,9'), 'Icon': ('varchar', 140), 'Phone': ('varchar', 140), 'Autocomplete': ('varchar', 140), 'JSON': ('json', '')}, user='_6f50fd9bd43e311e', value_cache=collections.defaultdict{})
  File "apps/frappe/frappe/database/mariadb/mysqlclient.py", line 121, in create_connection
    return MySQLdb.connect(**self.get_connection_settings())
      self = frappe.database.mariadb.mysqlclient.MariaDBDatabase(after_commit=frappe.utils.CallbackManager(-), after_rollback=frappe.utils.CallbackManager(-), auto_commit_on_many_writes=0, before_commit=frappe.utils.CallbackManager(-), before_rollback=frappe.utils.CallbackManager(-), cur_db_name='_6f50fd9bd43e311e', db_type='mariadb', host='127.0.0.1', logger=<Logger database-project1 (WARNING)>, password='E761HvvGjonQZzLO', port=3306, socket=None, transaction_writes=0, type_map={'Currency': ('decimal', '21,9'), 'Int': ('int', '11'), 'Long Int': ('bigint', '20'), 'Float': ('decimal', '21,9'), 'Percent': ('decimal', '21,9'), 'Check': ('tinyint', '4'), 'Small Text': ('text', ''), 'Long Text': ('longtext...'), 'Color': ('varchar', 140), 'Barcode': ('longtext', ''), 'Geolocation': ('longtext', ''), 'Duration': ('decimal', '21,9'), 'Icon': ('varchar', 140), 'Phone': ('varchar', 140), 'Autocomplete': ('varchar', 140), 'JSON': ('json', '')}, user='_6f50fd9bd43e311e', value_cache=collections.defaultdict{})
  File "env/lib/python3.14/site-packages/MySQLdb/__init__.py", line 121, in Connect
    return Connection(*args, **kwargs)
      args = ()
      kwargs = {'user': '_6f50fd9bd43e311e', 'conv': {<class 'int'>: <function Thing2Str at 0x74d553c71010>, <class 'float'>: <function Float2Str at 0x74d553c710c0>, <class 'NoneType'>: <function None2NULL at 0x74d553c71170>, <class 'array.array'>: <function array2Str at 0x74d553c71380>, <class 'bool'>: <function Bool2Str at 0x74d553c70e00>, <class 'datetime.date'>: <function Thing2Literal at 0x74d553c71220>, <class 'datetime.datetime'>: <function DateTime2literal at 0x74d553c70880>, <class 'datetime.timedelta'>: <function escape_timedelta at 0x74d553c731c0>, <class 'set'>: <function Set2Str at 0x74d553c70f60>, <class 'decimal.Decimal'>: <function Decimal2Literal at 0x74d553c712d0>, 1: <class 'int'>, 2: <c...t'>: <function escape_dict at 0x74d553c73270>, <class 'frozenset'>: <function escape_frozenset at 0x74d553c43c10>}, 'charset': 'utf8mb4', 'use_unicode': True, 'local_infile': False, 'multi_statements': False, 'database': '_6f50fd9bd43e311e', 'host': '127.0.0.1', 'port': 3306, 'password': '********'}
      Connection = MySQLdb.connections.Connection
  File "env/lib/python3.14/site-packages/MySQLdb/connections.py", line 200, in __init__
    super().__init__(*args, **kwargs2)
      self = <_mysql.connection open to '(null)' at 0x2cf9aed0>
      args = ()
      kwargs = {'user': '_6f50fd9bd43e311e', 'conv': {<class 'int'>: <function Thing2Str at 0x74d553c71010>, <class 'float'>: <function Float2Str at 0x74d553c710c0>, <class 'NoneType'>: <function None2NULL at 0x74d553c71170>, <class 'array.array'>: <function array2Str at 0x74d553c71380>, <class 'bool'>: <function Bool2Str at 0x74d553c70e00>, <class 'datetime.date'>: <function Thing2Literal at 0x74d553c71220>, <class 'datetime.datetime'>: <function DateTime2literal at 0x74d553c70880>, <class 'datetime.timedelta'>: <function escape_timedelta at 0x74d553c731c0>, <class 'set'>: <function Set2Str at 0x74d553c70f60>, <class 'decimal.Decimal'>: <function Decimal2Literal at 0x74d553c712d0>, 1: <class 'int'>, 2: <c...t'>: <function escape_dict at 0x74d553c73270>, <class 'frozenset'>: <function escape_frozenset at 0x74d553c43c10>}, 'charset': 'utf8mb4', 'use_unicode': True, 'local_infile': False, 'multi_statements': False, 'database': '_6f50fd9bd43e311e', 'host': '127.0.0.1', 'port': 3306, 'password': '********'}
      CLIENT = <module 'MySQLdb.constants.CLIENT' from 'env/lib/python3.14/site-packages/MySQLdb/constants/CLIENT.py'>
      FIELD_TYPE = <module 'MySQLdb.constants.FIELD_TYPE' from 'env/lib/python3.14/site-packages/MySQLdb/constants/FIELD_TYPE.py'>
      conversions = {<class 'int'>: <function Thing2Str at 0x74d553c71010>, <class 'float'>: <function Float2Str at 0x74d553c710c0>, <class 'NoneType'>: <function None2NULL at 0x74d553c71170>, <class 'array.array'>: <function array2Str at 0x74d553c71380>, <class 'bool'>: <function Bool2Str at 0x74d553c70e00>, <class 'datetime.date'>: <function Thing2Literal at 0x74d553c71220>, <class 'datetime.datetime'>: <function DateTime2literal at 0x74d553c70880>, <class 'datetime.timedelta'>: <function DateTimeDelta2literal at 0x74d553c70930>, <class 'set'>: <function Set2Str at 0x74d553c70f60>, <class 'decimal.Decimal'>: <function Decimal2Literal at 0x74d553c712d0>, 1: <class 'int'>, 2: <class 'int'>, 3: <class 'int'>, 4:...r_None at 0x74d553c705c0>, 11: <function TimeDelta_or_None at 0x74d553c70670>, 10: <function Date_or_None at 0x74d553c707d0>, 249: <class 'bytes'>, 250: <class 'bytes'>, 251: <class 'bytes'>, 252: <class 'bytes'>, 254: <class 'bytes'>, 253: <class 'bytes'>, 15: <class 'bytes'>, 245: <class 'bytes'>}
      _bytes_or_str = ((128, bytes), (None, str))
      kwargs2 = {'user': '_6f50fd9bd43e311e', 'conv': {<class 'int'>: <function Thing2Str at 0x74d553c71010>, <class 'float'>: <function Float2Str at 0x74d553c710c0>, <class 'NoneType'>: <function None2NULL at 0x74d553c71170>, <class 'array.array'>: <function array2Str at 0x74d553c71380>, <class 'bool'>: <function Bool2Str at 0x74d553c70e00>, <class 'datetime.date'>: <function Thing2Literal at 0x74d553c71220>, <class 'datetime.datetime'>: <function DateTime2literal at 0x74d553c70880>, <class 'datetime.timedelta'>: <function escape_timedelta at 0x74d553c731c0>, <class 'set'>: <function Set2Str at 0x74d553c70f60>, <class 'decimal.Decimal'>: <function Decimal2Literal at 0x74d553c712d0>, 1: <class 'int'>, 2: <c...ass 'bytes'>, <class 'dict'>: <function escape_dict at 0x74d553c73270>, <class 'frozenset'>: <function escape_frozenset at 0x74d553c43c10>}, 'charset': 'utf8mb4', 'local_infile': False, 'database': '_6f50fd9bd43e311e', 'host': '127.0.0.1', 'port': 3306, 'password': '********', 'client_flag': 131072}
      conv = {<class 'int'>: <function Thing2Str at 0x74d553c71010>, <class 'float'>: <function Float2Str at 0x74d553c710c0>, <class 'NoneType'>: <function None2NULL at 0x74d553c71170>, <class 'array.array'>: <function array2Str at 0x74d553c71380>, <class 'bool'>: <function Bool2Str at 0x74d553c70e00>, <class 'datetime.date'>: <function Thing2Literal at 0x74d553c71220>, <class 'datetime.datetime'>: <function DateTime2literal at 0x74d553c70880>, <class 'datetime.timedelta'>: <function escape_timedelta at 0x74d553c731c0>, <class 'set'>: <function Set2Str at 0x74d553c70f60>, <class 'decimal.Decimal'>: <function Decimal2Literal at 0x74d553c712d0>, 1: <class 'int'>, 2: <class 'int'>, 3: <class 'int'>, 4: <cla...249: <class 'bytes'>, 250: <class 'bytes'>, 251: <class 'bytes'>, 252: <class 'bytes'>, 254: <class 'bytes'>, 253: <class 'bytes'>, 15: <class 'bytes'>, 245: <class 'bytes'>, <class 'dict'>: <function escape_dict at 0x74d553c73270>, <class 'frozenset'>: <function escape_frozenset at 0x74d553c43c10>}
      conv2 = {<class 'int'>: <function Thing2Str at 0x74d553c71010>, <class 'float'>: <function Float2Str at 0x74d553c710c0>, <class 'NoneType'>: <function None2NULL at 0x74d553c71170>, <class 'array.array'>: <function array2Str at 0x74d553c71380>, <class 'bool'>: <function Bool2Str at 0x74d553c70e00>, <class 'datetime.date'>: <function Thing2Literal at 0x74d553c71220>, <class 'datetime.datetime'>: <function DateTime2literal at 0x74d553c70880>, <class 'datetime.timedelta'>: <function escape_timedelta at 0x74d553c731c0>, <class 'set'>: <function Set2Str at 0x74d553c70f60>, <class 'decimal.Decimal'>: <function Decimal2Literal at 0x74d553c712d0>, 1: <class 'int'>, 2: <class 'int'>, 3: <class 'int'>, 4: <cla...249: <class 'bytes'>, 250: <class 'bytes'>, 251: <class 'bytes'>, 252: <class 'bytes'>, 254: <class 'bytes'>, 253: <class 'bytes'>, 15: <class 'bytes'>, 245: <class 'bytes'>, <class 'dict'>: <function escape_dict at 0x74d553c73270>, <class 'frozenset'>: <function escape_frozenset at 0x74d553c43c10>}
      k = frozenset
      v = <function escape_frozenset at 0x74d553c43c10>
      cursorclass = MySQLdb.cursors.Cursor
      charset = 'utf8mb4'
      collation = ''
      use_unicode = True
      sql_mode = ''
      client_flag = 131072
      multi_statements = False
      autocommit = False
      __class__ = MySQLdb.connections.Connection
MySQLdb.OperationalError: (1045, "Access denied for user '_6f50fd9bd43e311e'@'localhost' (using password: YES)")
/bin/sh: 1: /home/thennarasu/bench-cli-env/bin/bench: not found
set -o pipefail; /usr/bin/mariadb-dump --user=_471d97967027c1d4 --host=127.0.0.1 --port=3306 --password=********** --single-transaction --quick --lock-tables=false _471d97967027c1d4 | /usr/bin/gzip >> ./cabs/private/backups/20260730_113001-cabs-database.sql.gz

Backup Summary for cabs at 2026-07-30 11:30:02.614461
Config  : /home/thennarasu/new-bench/sites/cabs/private/backups/20260730_113001-cabs-site_config_backup.json 163.0B
Database: /home/thennarasu/new-bench/sites/cabs/private/backups/20260730_113001-cabs-database.sql.gz 249.9KiB
Backup for Site cabs has been successfully completed
File ./library.local/private/backups/20260729_113004-library_local-site_config_backup.json is older than 23 hours
File ./library.local/private/backups/20260729_113004-library_local-database.sql.gz is older than 23 hours
set -o pipefail; /usr/bin/mariadb-dump --user=_790e3cbedbf5b420 --host=127.0.0.1 --port=3306 --password=********** --single-transaction --quick --lock-tables=false _790e3cbedbf5b420 | /usr/bin/gzip >> ./library.local/private/backups/20260730_113002-library_local-database.sql.gz

Backup Summary for library.local at 2026-07-30 11:30:03.734793
Config  : /home/thennarasu/new-bench/sites/library.local/private/backups/20260730_113002-library_local-site_config_backup.json 294.0B
Database: /home/thennarasu/new-bench/sites/library.local/private/backups/20260730_113002-library_local-database.sql.gz 4.3MiB
Backup for Site library.local has been successfully completed
File ./mysite.local/private/backups/20260729_113006-mysite_local-database.sql.gz is older than 23 hours
File ./mysite.local/private/backups/20260729_113006-mysite_local-site_config_backup.json is older than 23 hours
set -o pipefail; /usr/bin/mariadb-dump --user=_1f3a7ccb229053db --host=127.0.0.1 --port=3306 --password=********** --single-transaction --quick --lock-tables=false _1f3a7ccb229053db | /usr/bin/gzip >> ./mysite.local/private/backups/20260730_113003-mysite_local-database.sql.gz

Backup Summary for mysite.local at 2026-07-30 11:30:04.630488
Config  : /home/thennarasu/new-bench/sites/mysite.local/private/backups/20260730_113003-mysite_local-site_config_backup.json 200.0B
Database: /home/thennarasu/new-bench/sites/mysite.local/private/backups/20260730_113003-mysite_local-database.sql.gz 265.1KiB
Backup for Site mysite.local has been successfully completed
File ./project/private/backups/20260729_113007-project-database.sql.gz is older than 23 hours
File ./project/private/backups/20260729_113007-project-site_config_backup.json is older than 23 hours
set -o pipefail; /usr/bin/mariadb-dump --user=_e3de23dabe070975 --host=127.0.0.1 --port=3306 --password=********** --single-transaction --quick --lock-tables=false _e3de23dabe070975 | /usr/bin/gzip >> ./project/private/backups/20260730_113004-project-database.sql.gz

Backup Summary for project at 2026-07-30 11:30:05.713642
Config  : /home/thennarasu/new-bench/sites/project/private/backups/20260730_113004-project-site_config_backup.json 221.0B
Database: /home/thennarasu/new-bench/sites/project/private/backups/20260730_113004-project-database.sql.gz 289.5KiB
Backup for Site project has been successfully completed
Backup failed for Site project1. Database or site_config.json may be corrupted
Traceback with variables (most recent call last):
  File "apps/frappe/frappe/commands/site.py", line 881, in backup
    odb = scheduled_backup(
      context = CliCtxObj(force=False, profile=False, sites=['cabs', 'library.local', 'mysite.local', 'project', 'project1'], verbose=True)
      with_files = False
      backup_path = None
      backup_path_db = None
      backup_path_files = None
      backup_path_private_files = None
      backup_path_conf = None
      ignore_backup_conf = False
      verbose = True
      compress = False
      include = ''
      exclude = ''
      old_backup_metadata = False
      scheduled_backup = <function scheduled_backup at 0x7f20dcc36980>
      exit_code = 0
      rollback_callback = None
      site = 'project1'
      odb = frappe.utils.backups.BackupGenerator(backup_excludes=[], backup_includes=[], backup_path=None, backup_path_conf='./project/private/backups/20260730_113004-project-site_config_backup.json', backup_path_db='./project/private/backups/20260730_113004-project-database.sql.gz', backup_path_files='./project/private/backups/20260730_113004-project-files.tar', backup_path_private_files='./project/private/backups/20260730_113004-project-private-files.tar', compress_files=False, db_host='127.0.0.1', db_name='_e3de23dabe070975', db_port=3306, db_socket=None, db_type='mariadb', exclude_doctypes='', ignore_conf=False, include_doctypes='', old_backup_metadata=False, partial=[], password='ZoAg2AGlD9iZ5FXr', rollback_callback=frappe.utils.CallbackManager(-), site_slug='project', todays_date='20260730_113004', user='_e3de23dabe070975', verbose=True)
  File "apps/frappe/frappe/utils/backups.py", line 589, in scheduled_backup
    return new_backup(
      older_than = 6
      ignore_files = True
      backup_path = None
      backup_path_db = None
      backup_path_files = None
      backup_path_private_files = None
      backup_path_conf = None
      ignore_conf = False
      include_doctypes = ''
      exclude_doctypes = ''
      compress = False
      force = True
      verbose = True
      old_backup_metadata = False
      rollback_callback = frappe.utils.CallbackManager()
  File "apps/frappe/frappe/utils/backups.py", line 626, in new_backup
    odb = BackupGenerator(
      older_than = 6
      ignore_files = True
      backup_path = None
      backup_path_db = None
      backup_path_files = None
      backup_path_private_files = None
      backup_path_conf = None
      ignore_conf = False
      include_doctypes = ''
      exclude_doctypes = ''
      compress = False
      force = True
      verbose = True
      old_backup_metadata = False
      rollback_callback = frappe.utils.CallbackManager()
  File "apps/frappe/frappe/utils/backups.py", line 89, in __init__
    self.setup_backup_tables()
      self = frappe.utils.backups.BackupGenerator(backup_path=None, backup_path_conf=None, backup_path_db=None, backup_path_files=None, backup_path_private_files=None, compress_files=False, db_host='127.0.0.1', db_name='_6f50fd9bd43e311e', db_port=3306, db_socket=None, db_type='mariadb', exclude_doctypes='', ignore_conf=False, include_doctypes='', old_backup_metadata=False, partial=False, password='E761HvvGjonQZzLO', rollback_callback=frappe.utils.CallbackManager(-), site_slug='project1', user='_6f50fd9bd43e311e', verbose=True)
      db_name = '_6f50fd9bd43e311e'
      user = '_6f50fd9bd43e311e'
      password = ********
      backup_path = None
      backup_path_db = None
      backup_path_files = None
      backup_path_private_files = None
      db_socket = None
      db_host = '127.0.0.1'
      db_port = 3306
      db_type = 'mariadb'
      backup_path_conf = None
      ignore_conf = False
      compress_files = False
      include_doctypes = ''
      exclude_doctypes = ''
      verbose = True
      old_backup_metadata = False
      rollback_callback = frappe.utils.CallbackManager()
      site = 'project1'
  File "apps/frappe/frappe/utils/backups.py", line 126, in setup_backup_tables
    self._set_existing_tables()
      self = frappe.utils.backups.BackupGenerator(backup_path=None, backup_path_conf=None, backup_path_db=None, backup_path_files=None, backup_path_private_files=None, compress_files=False, db_host='127.0.0.1', db_name='_6f50fd9bd43e311e', db_port=3306, db_socket=None, db_type='mariadb', exclude_doctypes='', ignore_conf=False, include_doctypes='', old_backup_metadata=False, partial=False, password='E761HvvGjonQZzLO', rollback_callback=frappe.utils.CallbackManager(-), site_slug='project1', user='_6f50fd9bd43e311e', verbose=True)
  File "apps/frappe/frappe/utils/backups.py", line 122, in _set_existing_tables
    self._existing_tables = frappe.db.get_tables()
      self = frappe.utils.backups.BackupGenerator(backup_path=None, backup_path_conf=None, backup_path_db=None, backup_path_files=None, backup_path_private_files=None, compress_files=False, db_host='127.0.0.1', db_name='_6f50fd9bd43e311e', db_port=3306, db_socket=None, db_type='mariadb', exclude_doctypes='', ignore_conf=False, include_doctypes='', old_backup_metadata=False, partial=False, password='E761HvvGjonQZzLO', rollback_callback=frappe.utils.CallbackManager(-), site_slug='project1', user='_6f50fd9bd43e311e', verbose=True)
  File "apps/frappe/frappe/database/mariadb/mysqlclient.py", line 524, in get_tables
    .run(pluck=True)
      self = frappe.database.mariadb.mysqlclient.MariaDBDatabase(after_commit=frappe.utils.CallbackManager(-), after_rollback=frappe.utils.CallbackManager(-), auto_commit_on_many_writes=0, before_commit=frappe.utils.CallbackManager(-), before_rollback=frappe.utils.CallbackManager(-), cur_db_name='_6f50fd9bd43e311e', db_type='mariadb', host='127.0.0.1', logger=<Logger database-project1 (WARNING)>, password='E761HvvGjonQZzLO', port=3306, socket=None, transaction_writes=0, type_map={'Currency': ('decimal', '21,9'), 'Int': ('int', '11'), 'Long Int': ('bigint', '20'), 'Float': ('decimal', '21,9'), 'Percent': ('decimal', '21,9'), 'Check': ('tinyint', '4'), 'Small Text': ('text', ''), 'Long Text': ('longtext...'), 'Color': ('varchar', 140), 'Barcode': ('longtext', ''), 'Geolocation': ('longtext', ''), 'Duration': ('decimal', '21,9'), 'Icon': ('varchar', 140), 'Phone': ('varchar', 140), 'Autocomplete': ('varchar', 140), 'JSON': ('json', '')}, user='_6f50fd9bd43e311e', value_cache=collections.defaultdict{})
      cached = True
      to_query = True
      tables = None
      information_schema = pypika.queries.Schema()
  File "apps/frappe/frappe/query_builder/utils.py", line 131, in execute_query
    result = frappe.local.db.sql(query, params, *args, **kwargs)  # nosemgrep
      query = 'SELECT `table_name` FROM `information_schema`.`tables` WHERE `table_schema`=%(param1)s'
      args = ()
      kwargs = {'pluck': True}
      dt = None
      fields = []
      child_queries = "_child_queries"
      params = {'param1': '_6f50fd9bd43e311e'}
  File "apps/frappe/frappe/database/database.py", line 249, in sql
    self.connect()
      self = frappe.database.mariadb.mysqlclient.MariaDBDatabase(after_commit=frappe.utils.CallbackManager(-), after_rollback=frappe.utils.CallbackManager(-), auto_commit_on_many_writes=0, before_commit=frappe.utils.CallbackManager(-), before_rollback=frappe.utils.CallbackManager(-), cur_db_name='_6f50fd9bd43e311e', db_type='mariadb', host='127.0.0.1', logger=<Logger database-project1 (WARNING)>, password='E761HvvGjonQZzLO', port=3306, socket=None, transaction_writes=0, type_map={'Currency': ('decimal', '21,9'), 'Int': ('int', '11'), 'Long Int': ('bigint', '20'), 'Float': ('decimal', '21,9'), 'Percent': ('decimal', '21,9'), 'Check': ('tinyint', '4'), 'Small Text': ('text', ''), 'Long Text': ('longtext...'), 'Color': ('varchar', 140), 'Barcode': ('longtext', ''), 'Geolocation': ('longtext', ''), 'Duration': ('decimal', '21,9'), 'Icon': ('varchar', 140), 'Phone': ('varchar', 140), 'Autocomplete': ('varchar', 140), 'JSON': ('json', '')}, user='_6f50fd9bd43e311e', value_cache=collections.defaultdict{})
      query = 'SELECT `table_name` FROM `information_schema`.`tables` WHERE `table_schema`=%(param1)s'
      values = {'param1': '_6f50fd9bd43e311e'}
      as_dict = 0
      as_list = 0
      debug = False
      ignore_ddl = 0
      auto_commit = 0
      update = None
      explain = False
      run = True
      pluck = True
      as_iterator = False
      query_type = 'select'
  File "apps/frappe/frappe/database/database.py", line 147, in connect
    self.get_connection()
      self = frappe.database.mariadb.mysqlclient.MariaDBDatabase(after_commit=frappe.utils.CallbackManager(-), after_rollback=frappe.utils.CallbackManager(-), auto_commit_on_many_writes=0, before_commit=frappe.utils.CallbackManager(-), before_rollback=frappe.utils.CallbackManager(-), cur_db_name='_6f50fd9bd43e311e', db_type='mariadb', host='127.0.0.1', logger=<Logger database-project1 (WARNING)>, password='E761HvvGjonQZzLO', port=3306, socket=None, transaction_writes=0, type_map={'Currency': ('decimal', '21,9'), 'Int': ('int', '11'), 'Long Int': ('bigint', '20'), 'Float': ('decimal', '21,9'), 'Percent': ('decimal', '21,9'), 'Check': ('tinyint', '4'), 'Small Text': ('text', ''), 'Long Text': ('longtext...'), 'Color': ('varchar', 140), 'Barcode': ('longtext', ''), 'Geolocation': ('longtext', ''), 'Duration': ('decimal', '21,9'), 'Icon': ('varchar', 140), 'Phone': ('varchar', 140), 'Autocomplete': ('varchar', 140), 'JSON': ('json', '')}, user='_6f50fd9bd43e311e', value_cache=collections.defaultdict{})
  File "apps/frappe/frappe/database/mariadb/mysqlclient.py", line 113, in get_connection
    conn = self._get_connection()
      self = frappe.database.mariadb.mysqlclient.MariaDBDatabase(after_commit=frappe.utils.CallbackManager(-), after_rollback=frappe.utils.CallbackManager(-), auto_commit_on_many_writes=0, before_commit=frappe.utils.CallbackManager(-), before_rollback=frappe.utils.CallbackManager(-), cur_db_name='_6f50fd9bd43e311e', db_type='mariadb', host='127.0.0.1', logger=<Logger database-project1 (WARNING)>, password='E761HvvGjonQZzLO', port=3306, socket=None, transaction_writes=0, type_map={'Currency': ('decimal', '21,9'), 'Int': ('int', '11'), 'Long Int': ('bigint', '20'), 'Float': ('decimal', '21,9'), 'Percent': ('decimal', '21,9'), 'Check': ('tinyint', '4'), 'Small Text': ('text', ''), 'Long Text': ('longtext...'), 'Color': ('varchar', 140), 'Barcode': ('longtext', ''), 'Geolocation': ('longtext', ''), 'Duration': ('decimal', '21,9'), 'Icon': ('varchar', 140), 'Phone': ('varchar', 140), 'Autocomplete': ('varchar', 140), 'JSON': ('json', '')}, user='_6f50fd9bd43e311e', value_cache=collections.defaultdict{})
  File "apps/frappe/frappe/database/mariadb/mysqlclient.py", line 118, in _get_connection
    return self.create_connection()
      self = frappe.database.mariadb.mysqlclient.MariaDBDatabase(after_commit=frappe.utils.CallbackManager(-), after_rollback=frappe.utils.CallbackManager(-), auto_commit_on_many_writes=0, before_commit=frappe.utils.CallbackManager(-), before_rollback=frappe.utils.CallbackManager(-), cur_db_name='_6f50fd9bd43e311e', db_type='mariadb', host='127.0.0.1', logger=<Logger database-project1 (WARNING)>, password='E761HvvGjonQZzLO', port=3306, socket=None, transaction_writes=0, type_map={'Currency': ('decimal', '21,9'), 'Int': ('int', '11'), 'Long Int': ('bigint', '20'), 'Float': ('decimal', '21,9'), 'Percent': ('decimal', '21,9'), 'Check': ('tinyint', '4'), 'Small Text': ('text', ''), 'Long Text': ('longtext...'), 'Color': ('varchar', 140), 'Barcode': ('longtext', ''), 'Geolocation': ('longtext', ''), 'Duration': ('decimal', '21,9'), 'Icon': ('varchar', 140), 'Phone': ('varchar', 140), 'Autocomplete': ('varchar', 140), 'JSON': ('json', '')}, user='_6f50fd9bd43e311e', value_cache=collections.defaultdict{})
  File "apps/frappe/frappe/database/mariadb/mysqlclient.py", line 121, in create_connection
    return MySQLdb.connect(**self.get_connection_settings())
      self = frappe.database.mariadb.mysqlclient.MariaDBDatabase(after_commit=frappe.utils.CallbackManager(-), after_rollback=frappe.utils.CallbackManager(-), auto_commit_on_many_writes=0, before_commit=frappe.utils.CallbackManager(-), before_rollback=frappe.utils.CallbackManager(-), cur_db_name='_6f50fd9bd43e311e', db_type='mariadb', host='127.0.0.1', logger=<Logger database-project1 (WARNING)>, password='E761HvvGjonQZzLO', port=3306, socket=None, transaction_writes=0, type_map={'Currency': ('decimal', '21,9'), 'Int': ('int', '11'), 'Long Int': ('bigint', '20'), 'Float': ('decimal', '21,9'), 'Percent': ('decimal', '21,9'), 'Check': ('tinyint', '4'), 'Small Text': ('text', ''), 'Long Text': ('longtext...'), 'Color': ('varchar', 140), 'Barcode': ('longtext', ''), 'Geolocation': ('longtext', ''), 'Duration': ('decimal', '21,9'), 'Icon': ('varchar', 140), 'Phone': ('varchar', 140), 'Autocomplete': ('varchar', 140), 'JSON': ('json', '')}, user='_6f50fd9bd43e311e', value_cache=collections.defaultdict{})
  File "env/lib/python3.14/site-packages/MySQLdb/__init__.py", line 121, in Connect
    return Connection(*args, **kwargs)
      args = ()
      kwargs = {'user': '_6f50fd9bd43e311e', 'conv': {<class 'int'>: <function Thing2Str at 0x7f20dbd98eb0>, <class 'float'>: <function Float2Str at 0x7f20dbd98f60>, <class 'NoneType'>: <function None2NULL at 0x7f20dbd99010>, <class 'array.array'>: <function array2Str at 0x7f20dbd99220>, <class 'bool'>: <function Bool2Str at 0x7f20dbd98ca0>, <class 'datetime.date'>: <function Thing2Literal at 0x7f20dbd990c0>, <class 'datetime.datetime'>: <function DateTime2literal at 0x7f20dbd98720>, <class 'datetime.timedelta'>: <function escape_timedelta at 0x7f20dbd9b060>, <class 'set'>: <function Set2Str at 0x7f20dbd98e00>, <class 'decimal.Decimal'>: <function Decimal2Literal at 0x7f20dbd99170>, 1: <class 'int'>, 2: <c...t'>: <function escape_dict at 0x7f20dbd9b110>, <class 'frozenset'>: <function escape_frozenset at 0x7f20dbd5fab0>}, 'charset': 'utf8mb4', 'use_unicode': True, 'local_infile': False, 'multi_statements': False, 'database': '_6f50fd9bd43e311e', 'host': '127.0.0.1', 'port': 3306, 'password': '********'}
      Connection = MySQLdb.connections.Connection
  File "env/lib/python3.14/site-packages/MySQLdb/connections.py", line 200, in __init__
    super().__init__(*args, **kwargs2)
      self = <_mysql.connection open to '(null)' at 0x3a74b7f0>
      args = ()
      kwargs = {'user': '_6f50fd9bd43e311e', 'conv': {<class 'int'>: <function Thing2Str at 0x7f20dbd98eb0>, <class 'float'>: <function Float2Str at 0x7f20dbd98f60>, <class 'NoneType'>: <function None2NULL at 0x7f20dbd99010>, <class 'array.array'>: <function array2Str at 0x7f20dbd99220>, <class 'bool'>: <function Bool2Str at 0x7f20dbd98ca0>, <class 'datetime.date'>: <function Thing2Literal at 0x7f20dbd990c0>, <class 'datetime.datetime'>: <function DateTime2literal at 0x7f20dbd98720>, <class 'datetime.timedelta'>: <function escape_timedelta at 0x7f20dbd9b060>, <class 'set'>: <function Set2Str at 0x7f20dbd98e00>, <class 'decimal.Decimal'>: <function Decimal2Literal at 0x7f20dbd99170>, 1: <class 'int'>, 2: <c...t'>: <function escape_dict at 0x7f20dbd9b110>, <class 'frozenset'>: <function escape_frozenset at 0x7f20dbd5fab0>}, 'charset': 'utf8mb4', 'use_unicode': True, 'local_infile': False, 'multi_statements': False, 'database': '_6f50fd9bd43e311e', 'host': '127.0.0.1', 'port': 3306, 'password': '********'}
      CLIENT = <module 'MySQLdb.constants.CLIENT' from 'env/lib/python3.14/site-packages/MySQLdb/constants/CLIENT.py'>
      FIELD_TYPE = <module 'MySQLdb.constants.FIELD_TYPE' from 'env/lib/python3.14/site-packages/MySQLdb/constants/FIELD_TYPE.py'>
      conversions = {<class 'int'>: <function Thing2Str at 0x7f20dbd98eb0>, <class 'float'>: <function Float2Str at 0x7f20dbd98f60>, <class 'NoneType'>: <function None2NULL at 0x7f20dbd99010>, <class 'array.array'>: <function array2Str at 0x7f20dbd99220>, <class 'bool'>: <function Bool2Str at 0x7f20dbd98ca0>, <class 'datetime.date'>: <function Thing2Literal at 0x7f20dbd990c0>, <class 'datetime.datetime'>: <function DateTime2literal at 0x7f20dbd98720>, <class 'datetime.timedelta'>: <function DateTimeDelta2literal at 0x7f20dbd987d0>, <class 'set'>: <function Set2Str at 0x7f20dbd98e00>, <class 'decimal.Decimal'>: <function Decimal2Literal at 0x7f20dbd99170>, 1: <class 'int'>, 2: <class 'int'>, 3: <class 'int'>, 4:...r_None at 0x7f20dbd98460>, 11: <function TimeDelta_or_None at 0x7f20dbd98510>, 10: <function Date_or_None at 0x7f20dbd98670>, 249: <class 'bytes'>, 250: <class 'bytes'>, 251: <class 'bytes'>, 252: <class 'bytes'>, 254: <class 'bytes'>, 253: <class 'bytes'>, 15: <class 'bytes'>, 245: <class 'bytes'>}
      _bytes_or_str = ((128, bytes), (None, str))
      kwargs2 = {'user': '_6f50fd9bd43e311e', 'conv': {<class 'int'>: <function Thing2Str at 0x7f20dbd98eb0>, <class 'float'>: <function Float2Str at 0x7f20dbd98f60>, <class 'NoneType'>: <function None2NULL at 0x7f20dbd99010>, <class 'array.array'>: <function array2Str at 0x7f20dbd99220>, <class 'bool'>: <function Bool2Str at 0x7f20dbd98ca0>, <class 'datetime.date'>: <function Thing2Literal at 0x7f20dbd990c0>, <class 'datetime.datetime'>: <function DateTime2literal at 0x7f20dbd98720>, <class 'datetime.timedelta'>: <function escape_timedelta at 0x7f20dbd9b060>, <class 'set'>: <function Set2Str at 0x7f20dbd98e00>, <class 'decimal.Decimal'>: <function Decimal2Literal at 0x7f20dbd99170>, 1: <class 'int'>, 2: <c...ass 'bytes'>, <class 'dict'>: <function escape_dict at 0x7f20dbd9b110>, <class 'frozenset'>: <function escape_frozenset at 0x7f20dbd5fab0>}, 'charset': 'utf8mb4', 'local_infile': False, 'database': '_6f50fd9bd43e311e', 'host': '127.0.0.1', 'port': 3306, 'password': '********', 'client_flag': 131072}
      conv = {<class 'int'>: <function Thing2Str at 0x7f20dbd98eb0>, <class 'float'>: <function Float2Str at 0x7f20dbd98f60>, <class 'NoneType'>: <function None2NULL at 0x7f20dbd99010>, <class 'array.array'>: <function array2Str at 0x7f20dbd99220>, <class 'bool'>: <function Bool2Str at 0x7f20dbd98ca0>, <class 'datetime.date'>: <function Thing2Literal at 0x7f20dbd990c0>, <class 'datetime.datetime'>: <function DateTime2literal at 0x7f20dbd98720>, <class 'datetime.timedelta'>: <function escape_timedelta at 0x7f20dbd9b060>, <class 'set'>: <function Set2Str at 0x7f20dbd98e00>, <class 'decimal.Decimal'>: <function Decimal2Literal at 0x7f20dbd99170>, 1: <class 'int'>, 2: <class 'int'>, 3: <class 'int'>, 4: <cla...249: <class 'bytes'>, 250: <class 'bytes'>, 251: <class 'bytes'>, 252: <class 'bytes'>, 254: <class 'bytes'>, 253: <class 'bytes'>, 15: <class 'bytes'>, 245: <class 'bytes'>, <class 'dict'>: <function escape_dict at 0x7f20dbd9b110>, <class 'frozenset'>: <function escape_frozenset at 0x7f20dbd5fab0>}
      conv2 = {<class 'int'>: <function Thing2Str at 0x7f20dbd98eb0>, <class 'float'>: <function Float2Str at 0x7f20dbd98f60>, <class 'NoneType'>: <function None2NULL at 0x7f20dbd99010>, <class 'array.array'>: <function array2Str at 0x7f20dbd99220>, <class 'bool'>: <function Bool2Str at 0x7f20dbd98ca0>, <class 'datetime.date'>: <function Thing2Literal at 0x7f20dbd990c0>, <class 'datetime.datetime'>: <function DateTime2literal at 0x7f20dbd98720>, <class 'datetime.timedelta'>: <function escape_timedelta at 0x7f20dbd9b060>, <class 'set'>: <function Set2Str at 0x7f20dbd98e00>, <class 'decimal.Decimal'>: <function Decimal2Literal at 0x7f20dbd99170>, 1: <class 'int'>, 2: <class 'int'>, 3: <class 'int'>, 4: <cla...249: <class 'bytes'>, 250: <class 'bytes'>, 251: <class 'bytes'>, 252: <class 'bytes'>, 254: <class 'bytes'>, 253: <class 'bytes'>, 15: <class 'bytes'>, 245: <class 'bytes'>, <class 'dict'>: <function escape_dict at 0x7f20dbd9b110>, <class 'frozenset'>: <function escape_frozenset at 0x7f20dbd5fab0>}
      k = frozenset
      v = <function escape_frozenset at 0x7f20dbd5fab0>
      cursorclass = MySQLdb.cursors.Cursor
      charset = 'utf8mb4'
      collation = ''
      use_unicode = True
      sql_mode = ''
      client_flag = 131072
      multi_statements = False
      autocommit = False
      __class__ = MySQLdb.connections.Connection
MySQLdb.OperationalError: (1045, "Access denied for user '_6f50fd9bd43e311e'@'localhost' (using password: YES)")
/bin/sh: 1: /home/thennarasu/bench-cli-env/bin/bench: not found
set -o pipefail; /usr/bin/mariadb-dump --user=_471d97967027c1d4 --host=127.0.0.1 --port=3306 --password=********** --single-transaction --quick --lock-tables=false _471d97967027c1d4 | /usr/bin/gzip >> ./cabs/private/backups/20260731_113002-cabs-database.sql.gz

Backup Summary for cabs at 2026-07-31 11:30:03.202798
Config  : /home/thennarasu/new-bench/sites/cabs/private/backups/20260731_113002-cabs-site_config_backup.json 163.0B
Database: /home/thennarasu/new-bench/sites/cabs/private/backups/20260731_113002-cabs-database.sql.gz 252.6KiB
Backup for Site cabs has been successfully completed
File ./library.local/private/backups/20260730_113002-library_local-database.sql.gz is older than 23 hours
File ./library.local/private/backups/20260730_113002-library_local-site_config_backup.json is older than 23 hours
set -o pipefail; /usr/bin/mariadb-dump --user=_790e3cbedbf5b420 --host=127.0.0.1 --port=3306 --password=********** --single-transaction --quick --lock-tables=false _790e3cbedbf5b420 | /usr/bin/gzip >> ./library.local/private/backups/20260731_113003-library_local-database.sql.gz

Backup Summary for library.local at 2026-07-31 11:30:04.622331
Config  : /home/thennarasu/new-bench/sites/library.local/private/backups/20260731_113003-library_local-site_config_backup.json 294.0B
Database: /home/thennarasu/new-bench/sites/library.local/private/backups/20260731_113003-library_local-database.sql.gz 4.3MiB
Backup for Site library.local has been successfully completed
File ./mysite.local/private/backups/20260730_113003-mysite_local-site_config_backup.json is older than 23 hours
File ./mysite.local/private/backups/20260730_113003-mysite_local-database.sql.gz is older than 23 hours
set -o pipefail; /usr/bin/mariadb-dump --user=_1f3a7ccb229053db --host=127.0.0.1 --port=3306 --password=********** --single-transaction --quick --lock-tables=false _1f3a7ccb229053db | /usr/bin/gzip >> ./mysite.local/private/backups/20260731_113004-mysite_local-database.sql.gz

Backup Summary for mysite.local at 2026-07-31 11:30:05.619945
Config  : /home/thennarasu/new-bench/sites/mysite.local/private/backups/20260731_113004-mysite_local-site_config_backup.json 200.0B
Database: /home/thennarasu/new-bench/sites/mysite.local/private/backups/20260731_113004-mysite_local-database.sql.gz 264.8KiB
Backup for Site mysite.local has been successfully completed
File ./project/private/backups/20260730_113004-project-site_config_backup.json is older than 23 hours
File ./project/private/backups/20260730_113004-project-database.sql.gz is older than 23 hours
set -o pipefail; /usr/bin/mariadb-dump --user=_e3de23dabe070975 --host=127.0.0.1 --port=3306 --password=********** --single-transaction --quick --lock-tables=false _e3de23dabe070975 | /usr/bin/gzip >> ./project/private/backups/20260731_113005-project-database.sql.gz

Backup Summary for project at 2026-07-31 11:30:06.649244
Config  : /home/thennarasu/new-bench/sites/project/private/backups/20260731_113005-project-site_config_backup.json 221.0B
Database: /home/thennarasu/new-bench/sites/project/private/backups/20260731_113005-project-database.sql.gz 289.8KiB
Backup for Site project has been successfully completed
Backup failed for Site project1. Database or site_config.json may be corrupted
Traceback with variables (most recent call last):
  File "apps/frappe/frappe/commands/site.py", line 881, in backup
    odb = scheduled_backup(
      context = CliCtxObj(force=False, profile=False, sites=['cabs', 'library.local', 'mysite.local', 'project', 'project1'], verbose=True)
      with_files = False
      backup_path = None
      backup_path_db = None
      backup_path_files = None
      backup_path_private_files = None
      backup_path_conf = None
      ignore_backup_conf = False
      verbose = True
      compress = False
      include = ''
      exclude = ''
      old_backup_metadata = False
      scheduled_backup = <function scheduled_backup at 0x741f89d2e980>
      exit_code = 0
      rollback_callback = None
      site = 'project1'
      odb = frappe.utils.backups.BackupGenerator(backup_excludes=[], backup_includes=[], backup_path=None, backup_path_conf='./project/private/backups/20260731_113005-project-site_config_backup.json', backup_path_db='./project/private/backups/20260731_113005-project-database.sql.gz', backup_path_files='./project/private/backups/20260731_113005-project-files.tar', backup_path_private_files='./project/private/backups/20260731_113005-project-private-files.tar', compress_files=False, db_host='127.0.0.1', db_name='_e3de23dabe070975', db_port=3306, db_socket=None, db_type='mariadb', exclude_doctypes='', ignore_conf=False, include_doctypes='', old_backup_metadata=False, partial=[], password='ZoAg2AGlD9iZ5FXr', rollback_callback=frappe.utils.CallbackManager(-), site_slug='project', todays_date='20260731_113005', user='_e3de23dabe070975', verbose=True)
  File "apps/frappe/frappe/utils/backups.py", line 589, in scheduled_backup
    return new_backup(
      older_than = 6
      ignore_files = True
      backup_path = None
      backup_path_db = None
      backup_path_files = None
      backup_path_private_files = None
      backup_path_conf = None
      ignore_conf = False
      include_doctypes = ''
      exclude_doctypes = ''
      compress = False
      force = True
      verbose = True
      old_backup_metadata = False
      rollback_callback = frappe.utils.CallbackManager()
  File "apps/frappe/frappe/utils/backups.py", line 626, in new_backup
    odb = BackupGenerator(
      older_than = 6
      ignore_files = True
      backup_path = None
      backup_path_db = None
      backup_path_files = None
      backup_path_private_files = None
      backup_path_conf = None
      ignore_conf = False
      include_doctypes = ''
      exclude_doctypes = ''
      compress = False
      force = True
      verbose = True
      old_backup_metadata = False
      rollback_callback = frappe.utils.CallbackManager()
  File "apps/frappe/frappe/utils/backups.py", line 89, in __init__
    self.setup_backup_tables()
      self = frappe.utils.backups.BackupGenerator(backup_path=None, backup_path_conf=None, backup_path_db=None, backup_path_files=None, backup_path_private_files=None, compress_files=False, db_host='127.0.0.1', db_name='_6f50fd9bd43e311e', db_port=3306, db_socket=None, db_type='mariadb', exclude_doctypes='', ignore_conf=False, include_doctypes='', old_backup_metadata=False, partial=False, password='E761HvvGjonQZzLO', rollback_callback=frappe.utils.CallbackManager(-), site_slug='project1', user='_6f50fd9bd43e311e', verbose=True)
      db_name = '_6f50fd9bd43e311e'
      user = '_6f50fd9bd43e311e'
      password = ********
      backup_path = None
      backup_path_db = None
      backup_path_files = None
      backup_path_private_files = None
      db_socket = None
      db_host = '127.0.0.1'
      db_port = 3306
      db_type = 'mariadb'
      backup_path_conf = None
      ignore_conf = False
      compress_files = False
      include_doctypes = ''
      exclude_doctypes = ''
      verbose = True
      old_backup_metadata = False
      rollback_callback = frappe.utils.CallbackManager()
      site = 'project1'
  File "apps/frappe/frappe/utils/backups.py", line 126, in setup_backup_tables
    self._set_existing_tables()
      self = frappe.utils.backups.BackupGenerator(backup_path=None, backup_path_conf=None, backup_path_db=None, backup_path_files=None, backup_path_private_files=None, compress_files=False, db_host='127.0.0.1', db_name='_6f50fd9bd43e311e', db_port=3306, db_socket=None, db_type='mariadb', exclude_doctypes='', ignore_conf=False, include_doctypes='', old_backup_metadata=False, partial=False, password='E761HvvGjonQZzLO', rollback_callback=frappe.utils.CallbackManager(-), site_slug='project1', user='_6f50fd9bd43e311e', verbose=True)
  File "apps/frappe/frappe/utils/backups.py", line 122, in _set_existing_tables
    self._existing_tables = frappe.db.get_tables()
      self = frappe.utils.backups.BackupGenerator(backup_path=None, backup_path_conf=None, backup_path_db=None, backup_path_files=None, backup_path_private_files=None, compress_files=False, db_host='127.0.0.1', db_name='_6f50fd9bd43e311e', db_port=3306, db_socket=None, db_type='mariadb', exclude_doctypes='', ignore_conf=False, include_doctypes='', old_backup_metadata=False, partial=False, password='E761HvvGjonQZzLO', rollback_callback=frappe.utils.CallbackManager(-), site_slug='project1', user='_6f50fd9bd43e311e', verbose=True)
  File "apps/frappe/frappe/database/mariadb/mysqlclient.py", line 524, in get_tables
    .run(pluck=True)
      self = frappe.database.mariadb.mysqlclient.MariaDBDatabase(after_commit=frappe.utils.CallbackManager(-), after_rollback=frappe.utils.CallbackManager(-), auto_commit_on_many_writes=0, before_commit=frappe.utils.CallbackManager(-), before_rollback=frappe.utils.CallbackManager(-), cur_db_name='_6f50fd9bd43e311e', db_type='mariadb', host='127.0.0.1', logger=<Logger database-project1 (WARNING)>, password='E761HvvGjonQZzLO', port=3306, socket=None, transaction_writes=0, type_map={'Currency': ('decimal', '21,9'), 'Int': ('int', '11'), 'Long Int': ('bigint', '20'), 'Float': ('decimal', '21,9'), 'Percent': ('decimal', '21,9'), 'Check': ('tinyint', '4'), 'Small Text': ('text', ''), 'Long Text': ('longtext...'), 'Color': ('varchar', 140), 'Barcode': ('longtext', ''), 'Geolocation': ('longtext', ''), 'Duration': ('decimal', '21,9'), 'Icon': ('varchar', 140), 'Phone': ('varchar', 140), 'Autocomplete': ('varchar', 140), 'JSON': ('json', '')}, user='_6f50fd9bd43e311e', value_cache=collections.defaultdict{})
      cached = True
      to_query = True
      tables = None
      information_schema = pypika.queries.Schema()
  File "apps/frappe/frappe/query_builder/utils.py", line 131, in execute_query
    result = frappe.local.db.sql(query, params, *args, **kwargs)  # nosemgrep
      query = 'SELECT `table_name` FROM `information_schema`.`tables` WHERE `table_schema`=%(param1)s'
      args = ()
      kwargs = {'pluck': True}
      dt = None
      fields = []
      child_queries = "_child_queries"
      params = {'param1': '_6f50fd9bd43e311e'}
  File "apps/frappe/frappe/database/database.py", line 249, in sql
    self.connect()
      self = frappe.database.mariadb.mysqlclient.MariaDBDatabase(after_commit=frappe.utils.CallbackManager(-), after_rollback=frappe.utils.CallbackManager(-), auto_commit_on_many_writes=0, before_commit=frappe.utils.CallbackManager(-), before_rollback=frappe.utils.CallbackManager(-), cur_db_name='_6f50fd9bd43e311e', db_type='mariadb', host='127.0.0.1', logger=<Logger database-project1 (WARNING)>, password='E761HvvGjonQZzLO', port=3306, socket=None, transaction_writes=0, type_map={'Currency': ('decimal', '21,9'), 'Int': ('int', '11'), 'Long Int': ('bigint', '20'), 'Float': ('decimal', '21,9'), 'Percent': ('decimal', '21,9'), 'Check': ('tinyint', '4'), 'Small Text': ('text', ''), 'Long Text': ('longtext...'), 'Color': ('varchar', 140), 'Barcode': ('longtext', ''), 'Geolocation': ('longtext', ''), 'Duration': ('decimal', '21,9'), 'Icon': ('varchar', 140), 'Phone': ('varchar', 140), 'Autocomplete': ('varchar', 140), 'JSON': ('json', '')}, user='_6f50fd9bd43e311e', value_cache=collections.defaultdict{})
      query = 'SELECT `table_name` FROM `information_schema`.`tables` WHERE `table_schema`=%(param1)s'
      values = {'param1': '_6f50fd9bd43e311e'}
      as_dict = 0
      as_list = 0
      debug = False
      ignore_ddl = 0
      auto_commit = 0
      update = None
      explain = False
      run = True
      pluck = True
      as_iterator = False
      query_type = 'select'
  File "apps/frappe/frappe/database/database.py", line 147, in connect
    self.get_connection()
      self = frappe.database.mariadb.mysqlclient.MariaDBDatabase(after_commit=frappe.utils.CallbackManager(-), after_rollback=frappe.utils.CallbackManager(-), auto_commit_on_many_writes=0, before_commit=frappe.utils.CallbackManager(-), before_rollback=frappe.utils.CallbackManager(-), cur_db_name='_6f50fd9bd43e311e', db_type='mariadb', host='127.0.0.1', logger=<Logger database-project1 (WARNING)>, password='E761HvvGjonQZzLO', port=3306, socket=None, transaction_writes=0, type_map={'Currency': ('decimal', '21,9'), 'Int': ('int', '11'), 'Long Int': ('bigint', '20'), 'Float': ('decimal', '21,9'), 'Percent': ('decimal', '21,9'), 'Check': ('tinyint', '4'), 'Small Text': ('text', ''), 'Long Text': ('longtext...'), 'Color': ('varchar', 140), 'Barcode': ('longtext', ''), 'Geolocation': ('longtext', ''), 'Duration': ('decimal', '21,9'), 'Icon': ('varchar', 140), 'Phone': ('varchar', 140), 'Autocomplete': ('varchar', 140), 'JSON': ('json', '')}, user='_6f50fd9bd43e311e', value_cache=collections.defaultdict{})
  File "apps/frappe/frappe/database/mariadb/mysqlclient.py", line 113, in get_connection
    conn = self._get_connection()
      self = frappe.database.mariadb.mysqlclient.MariaDBDatabase(after_commit=frappe.utils.CallbackManager(-), after_rollback=frappe.utils.CallbackManager(-), auto_commit_on_many_writes=0, before_commit=frappe.utils.CallbackManager(-), before_rollback=frappe.utils.CallbackManager(-), cur_db_name='_6f50fd9bd43e311e', db_type='mariadb', host='127.0.0.1', logger=<Logger database-project1 (WARNING)>, password='E761HvvGjonQZzLO', port=3306, socket=None, transaction_writes=0, type_map={'Currency': ('decimal', '21,9'), 'Int': ('int', '11'), 'Long Int': ('bigint', '20'), 'Float': ('decimal', '21,9'), 'Percent': ('decimal', '21,9'), 'Check': ('tinyint', '4'), 'Small Text': ('text', ''), 'Long Text': ('longtext...'), 'Color': ('varchar', 140), 'Barcode': ('longtext', ''), 'Geolocation': ('longtext', ''), 'Duration': ('decimal', '21,9'), 'Icon': ('varchar', 140), 'Phone': ('varchar', 140), 'Autocomplete': ('varchar', 140), 'JSON': ('json', '')}, user='_6f50fd9bd43e311e', value_cache=collections.defaultdict{})
  File "apps/frappe/frappe/database/mariadb/mysqlclient.py", line 118, in _get_connection
    return self.create_connection()
      self = frappe.database.mariadb.mysqlclient.MariaDBDatabase(after_commit=frappe.utils.CallbackManager(-), after_rollback=frappe.utils.CallbackManager(-), auto_commit_on_many_writes=0, before_commit=frappe.utils.CallbackManager(-), before_rollback=frappe.utils.CallbackManager(-), cur_db_name='_6f50fd9bd43e311e', db_type='mariadb', host='127.0.0.1', logger=<Logger database-project1 (WARNING)>, password='E761HvvGjonQZzLO', port=3306, socket=None, transaction_writes=0, type_map={'Currency': ('decimal', '21,9'), 'Int': ('int', '11'), 'Long Int': ('bigint', '20'), 'Float': ('decimal', '21,9'), 'Percent': ('decimal', '21,9'), 'Check': ('tinyint', '4'), 'Small Text': ('text', ''), 'Long Text': ('longtext...'), 'Color': ('varchar', 140), 'Barcode': ('longtext', ''), 'Geolocation': ('longtext', ''), 'Duration': ('decimal', '21,9'), 'Icon': ('varchar', 140), 'Phone': ('varchar', 140), 'Autocomplete': ('varchar', 140), 'JSON': ('json', '')}, user='_6f50fd9bd43e311e', value_cache=collections.defaultdict{})
  File "apps/frappe/frappe/database/mariadb/mysqlclient.py", line 121, in create_connection
    return MySQLdb.connect(**self.get_connection_settings())
      self = frappe.database.mariadb.mysqlclient.MariaDBDatabase(after_commit=frappe.utils.CallbackManager(-), after_rollback=frappe.utils.CallbackManager(-), auto_commit_on_many_writes=0, before_commit=frappe.utils.CallbackManager(-), before_rollback=frappe.utils.CallbackManager(-), cur_db_name='_6f50fd9bd43e311e', db_type='mariadb', host='127.0.0.1', logger=<Logger database-project1 (WARNING)>, password='E761HvvGjonQZzLO', port=3306, socket=None, transaction_writes=0, type_map={'Currency': ('decimal', '21,9'), 'Int': ('int', '11'), 'Long Int': ('bigint', '20'), 'Float': ('decimal', '21,9'), 'Percent': ('decimal', '21,9'), 'Check': ('tinyint', '4'), 'Small Text': ('text', ''), 'Long Text': ('longtext...'), 'Color': ('varchar', 140), 'Barcode': ('longtext', ''), 'Geolocation': ('longtext', ''), 'Duration': ('decimal', '21,9'), 'Icon': ('varchar', 140), 'Phone': ('varchar', 140), 'Autocomplete': ('varchar', 140), 'JSON': ('json', '')}, user='_6f50fd9bd43e311e', value_cache=collections.defaultdict{})
  File "env/lib/python3.14/site-packages/MySQLdb/__init__.py", line 121, in Connect
    return Connection(*args, **kwargs)
      args = ()
      kwargs = {'user': '_6f50fd9bd43e311e', 'conv': {<class 'int'>: <function Thing2Str at 0x741f88e68eb0>, <class 'float'>: <function Float2Str at 0x741f88e68f60>, <class 'NoneType'>: <function None2NULL at 0x741f88e69010>, <class 'array.array'>: <function array2Str at 0x741f88e69220>, <class 'bool'>: <function Bool2Str at 0x741f88e68ca0>, <class 'datetime.date'>: <function Thing2Literal at 0x741f88e690c0>, <class 'datetime.datetime'>: <function DateTime2literal at 0x741f88e68720>, <class 'datetime.timedelta'>: <function escape_timedelta at 0x741f88e6b060>, <class 'set'>: <function Set2Str at 0x741f88e68e00>, <class 'decimal.Decimal'>: <function Decimal2Literal at 0x741f88e69170>, 1: <class 'int'>, 2: <c...t'>: <function escape_dict at 0x741f88e6b110>, <class 'frozenset'>: <function escape_frozenset at 0x741f88e2fab0>}, 'charset': 'utf8mb4', 'use_unicode': True, 'local_infile': False, 'multi_statements': False, 'database': '_6f50fd9bd43e311e', 'host': '127.0.0.1', 'port': 3306, 'password': '********'}
      Connection = MySQLdb.connections.Connection
  File "env/lib/python3.14/site-packages/MySQLdb/connections.py", line 200, in __init__
    super().__init__(*args, **kwargs2)
      self = <_mysql.connection open to '(null)' at 0x2a3c7f70>
      args = ()
      kwargs = {'user': '_6f50fd9bd43e311e', 'conv': {<class 'int'>: <function Thing2Str at 0x741f88e68eb0>, <class 'float'>: <function Float2Str at 0x741f88e68f60>, <class 'NoneType'>: <function None2NULL at 0x741f88e69010>, <class 'array.array'>: <function array2Str at 0x741f88e69220>, <class 'bool'>: <function Bool2Str at 0x741f88e68ca0>, <class 'datetime.date'>: <function Thing2Literal at 0x741f88e690c0>, <class 'datetime.datetime'>: <function DateTime2literal at 0x741f88e68720>, <class 'datetime.timedelta'>: <function escape_timedelta at 0x741f88e6b060>, <class 'set'>: <function Set2Str at 0x741f88e68e00>, <class 'decimal.Decimal'>: <function Decimal2Literal at 0x741f88e69170>, 1: <class 'int'>, 2: <c...t'>: <function escape_dict at 0x741f88e6b110>, <class 'frozenset'>: <function escape_frozenset at 0x741f88e2fab0>}, 'charset': 'utf8mb4', 'use_unicode': True, 'local_infile': False, 'multi_statements': False, 'database': '_6f50fd9bd43e311e', 'host': '127.0.0.1', 'port': 3306, 'password': '********'}
      CLIENT = <module 'MySQLdb.constants.CLIENT' from 'env/lib/python3.14/site-packages/MySQLdb/constants/CLIENT.py'>
      FIELD_TYPE = <module 'MySQLdb.constants.FIELD_TYPE' from 'env/lib/python3.14/site-packages/MySQLdb/constants/FIELD_TYPE.py'>
      conversions = {<class 'int'>: <function Thing2Str at 0x741f88e68eb0>, <class 'float'>: <function Float2Str at 0x741f88e68f60>, <class 'NoneType'>: <function None2NULL at 0x741f88e69010>, <class 'array.array'>: <function array2Str at 0x741f88e69220>, <class 'bool'>: <function Bool2Str at 0x741f88e68ca0>, <class 'datetime.date'>: <function Thing2Literal at 0x741f88e690c0>, <class 'datetime.datetime'>: <function DateTime2literal at 0x741f88e68720>, <class 'datetime.timedelta'>: <function DateTimeDelta2literal at 0x741f88e687d0>, <class 'set'>: <function Set2Str at 0x741f88e68e00>, <class 'decimal.Decimal'>: <function Decimal2Literal at 0x741f88e69170>, 1: <class 'int'>, 2: <class 'int'>, 3: <class 'int'>, 4:...r_None at 0x741f88e68460>, 11: <function TimeDelta_or_None at 0x741f88e68510>, 10: <function Date_or_None at 0x741f88e68670>, 249: <class 'bytes'>, 250: <class 'bytes'>, 251: <class 'bytes'>, 252: <class 'bytes'>, 254: <class 'bytes'>, 253: <class 'bytes'>, 15: <class 'bytes'>, 245: <class 'bytes'>}
      _bytes_or_str = ((128, bytes), (None, str))
      kwargs2 = {'user': '_6f50fd9bd43e311e', 'conv': {<class 'int'>: <function Thing2Str at 0x741f88e68eb0>, <class 'float'>: <function Float2Str at 0x741f88e68f60>, <class 'NoneType'>: <function None2NULL at 0x741f88e69010>, <class 'array.array'>: <function array2Str at 0x741f88e69220>, <class 'bool'>: <function Bool2Str at 0x741f88e68ca0>, <class 'datetime.date'>: <function Thing2Literal at 0x741f88e690c0>, <class 'datetime.datetime'>: <function DateTime2literal at 0x741f88e68720>, <class 'datetime.timedelta'>: <function escape_timedelta at 0x741f88e6b060>, <class 'set'>: <function Set2Str at 0x741f88e68e00>, <class 'decimal.Decimal'>: <function Decimal2Literal at 0x741f88e69170>, 1: <class 'int'>, 2: <c...ass 'bytes'>, <class 'dict'>: <function escape_dict at 0x741f88e6b110>, <class 'frozenset'>: <function escape_frozenset at 0x741f88e2fab0>}, 'charset': 'utf8mb4', 'local_infile': False, 'database': '_6f50fd9bd43e311e', 'host': '127.0.0.1', 'port': 3306, 'password': '********', 'client_flag': 131072}
      conv = {<class 'int'>: <function Thing2Str at 0x741f88e68eb0>, <class 'float'>: <function Float2Str at 0x741f88e68f60>, <class 'NoneType'>: <function None2NULL at 0x741f88e69010>, <class 'array.array'>: <function array2Str at 0x741f88e69220>, <class 'bool'>: <function Bool2Str at 0x741f88e68ca0>, <class 'datetime.date'>: <function Thing2Literal at 0x741f88e690c0>, <class 'datetime.datetime'>: <function DateTime2literal at 0x741f88e68720>, <class 'datetime.timedelta'>: <function escape_timedelta at 0x741f88e6b060>, <class 'set'>: <function Set2Str at 0x741f88e68e00>, <class 'decimal.Decimal'>: <function Decimal2Literal at 0x741f88e69170>, 1: <class 'int'>, 2: <class 'int'>, 3: <class 'int'>, 4: <cla...249: <class 'bytes'>, 250: <class 'bytes'>, 251: <class 'bytes'>, 252: <class 'bytes'>, 254: <class 'bytes'>, 253: <class 'bytes'>, 15: <class 'bytes'>, 245: <class 'bytes'>, <class 'dict'>: <function escape_dict at 0x741f88e6b110>, <class 'frozenset'>: <function escape_frozenset at 0x741f88e2fab0>}
      conv2 = {<class 'int'>: <function Thing2Str at 0x741f88e68eb0>, <class 'float'>: <function Float2Str at 0x741f88e68f60>, <class 'NoneType'>: <function None2NULL at 0x741f88e69010>, <class 'array.array'>: <function array2Str at 0x741f88e69220>, <class 'bool'>: <function Bool2Str at 0x741f88e68ca0>, <class 'datetime.date'>: <function Thing2Literal at 0x741f88e690c0>, <class 'datetime.datetime'>: <function DateTime2literal at 0x741f88e68720>, <class 'datetime.timedelta'>: <function escape_timedelta at 0x741f88e6b060>, <class 'set'>: <function Set2Str at 0x741f88e68e00>, <class 'decimal.Decimal'>: <function Decimal2Literal at 0x741f88e69170>, 1: <class 'int'>, 2: <class 'int'>, 3: <class 'int'>, 4: <cla...249: <class 'bytes'>, 250: <class 'bytes'>, 251: <class 'bytes'>, 252: <class 'bytes'>, 254: <class 'bytes'>, 253: <class 'bytes'>, 15: <class 'bytes'>, 245: <class 'bytes'>, <class 'dict'>: <function escape_dict at 0x741f88e6b110>, <class 'frozenset'>: <function escape_frozenset at 0x741f88e2fab0>}
      k = frozenset
      v = <function escape_frozenset at 0x741f88e2fab0>
      cursorclass = MySQLdb.cursors.Cursor
      charset = 'utf8mb4'
      collation = ''
      use_unicode = True
      sql_mode = ''
      client_flag = 131072
      multi_statements = False
      autocommit = False
      __class__ = MySQLdb.connections.Connection
MySQLdb.OperationalError: (1045, "Access denied for user '_6f50fd9bd43e311e'@'localhost' (using password: YES)")
/bin/sh: 1: /home/thennarasu/bench-cli-env/bin/bench: not found
set -o pipefail; /usr/bin/mariadb-dump --user=_471d97967027c1d4 --host=127.0.0.1 --port=3306 --password=********** --single-transaction --quick --lock-tables=false _471d97967027c1d4 | /usr/bin/gzip >> ./cabs/private/backups/20260801_113002-cabs-database.sql.gz

Backup Summary for cabs at 2026-08-01 11:30:03.624156
Config  : /home/thennarasu/new-bench/sites/cabs/private/backups/20260801_113002-cabs-site_config_backup.json 163.0B
Database: /home/thennarasu/new-bench/sites/cabs/private/backups/20260801_113002-cabs-database.sql.gz 255.1KiB
Backup for Site cabs has been successfully completed
File ./library.local/private/backups/20260731_113003-library_local-database.sql.gz is older than 23 hours
File ./library.local/private/backups/20260731_113003-library_local-site_config_backup.json is older than 23 hours
set -o pipefail; /usr/bin/mariadb-dump --user=_790e3cbedbf5b420 --host=127.0.0.1 --port=3306 --password=********** --single-transaction --quick --lock-tables=false _790e3cbedbf5b420 | /usr/bin/gzip >> ./library.local/private/backups/20260801_113003-library_local-database.sql.gz

Backup Summary for library.local at 2026-08-01 11:30:05.000884
Config  : /home/thennarasu/new-bench/sites/library.local/private/backups/20260801_113003-library_local-site_config_backup.json 294.0B
Database: /home/thennarasu/new-bench/sites/library.local/private/backups/20260801_113003-library_local-database.sql.gz 4.3MiB
Backup for Site library.local has been successfully completed
File ./mysite.local/private/backups/20260731_113004-mysite_local-database.sql.gz is older than 23 hours
File ./mysite.local/private/backups/20260731_113004-mysite_local-site_config_backup.json is older than 23 hours
set -o pipefail; /usr/bin/mariadb-dump --user=_1f3a7ccb229053db --host=127.0.0.1 --port=3306 --password=********** --single-transaction --quick --lock-tables=false _1f3a7ccb229053db | /usr/bin/gzip >> ./mysite.local/private/backups/20260801_113005-mysite_local-database.sql.gz

Backup Summary for mysite.local at 2026-08-01 11:30:06.139414
Config  : /home/thennarasu/new-bench/sites/mysite.local/private/backups/20260801_113005-mysite_local-site_config_backup.json 200.0B
Database: /home/thennarasu/new-bench/sites/mysite.local/private/backups/20260801_113005-mysite_local-database.sql.gz 264.9KiB
Backup for Site mysite.local has been successfully completed
File ./project/private/backups/20260731_113005-project-site_config_backup.json is older than 23 hours
File ./project/private/backups/20260731_113005-project-database.sql.gz is older than 23 hours
set -o pipefail; /usr/bin/mariadb-dump --user=_e3de23dabe070975 --host=127.0.0.1 --port=3306 --password=********** --single-transaction --quick --lock-tables=false _e3de23dabe070975 | /usr/bin/gzip >> ./project/private/backups/20260801_113006-project-database.sql.gz

Backup Summary for project at 2026-08-01 11:30:07.319722
Config  : /home/thennarasu/new-bench/sites/project/private/backups/20260801_113006-project-site_config_backup.json 221.0B
Database: /home/thennarasu/new-bench/sites/project/private/backups/20260801_113006-project-database.sql.gz 289.6KiB
Backup for Site project has been successfully completed
Backup failed for Site project1. Database or site_config.json may be corrupted
Traceback with variables (most recent call last):
  File "apps/frappe/frappe/commands/site.py", line 881, in backup
    odb = scheduled_backup(
      context = CliCtxObj(force=False, profile=False, sites=['cabs', 'library.local', 'mysite.local', 'project', 'project1'], verbose=True)
      with_files = False
      backup_path = None
      backup_path_db = None
      backup_path_files = None
      backup_path_private_files = None
      backup_path_conf = None
      ignore_backup_conf = False
      verbose = True
      compress = False
      include = ''
      exclude = ''
      old_backup_metadata = False
      scheduled_backup = <function scheduled_backup at 0x7dff598e2980>
      exit_code = 0
      rollback_callback = None
      site = 'project1'
      odb = frappe.utils.backups.BackupGenerator(backup_excludes=[], backup_includes=[], backup_path=None, backup_path_conf='./project/private/backups/20260801_113006-project-site_config_backup.json', backup_path_db='./project/private/backups/20260801_113006-project-database.sql.gz', backup_path_files='./project/private/backups/20260801_113006-project-files.tar', backup_path_private_files='./project/private/backups/20260801_113006-project-private-files.tar', compress_files=False, db_host='127.0.0.1', db_name='_e3de23dabe070975', db_port=3306, db_socket=None, db_type='mariadb', exclude_doctypes='', ignore_conf=False, include_doctypes='', old_backup_metadata=False, partial=[], password='ZoAg2AGlD9iZ5FXr', rollback_callback=frappe.utils.CallbackManager(-), site_slug='project', todays_date='20260801_113006', user='_e3de23dabe070975', verbose=True)
  File "apps/frappe/frappe/utils/backups.py", line 589, in scheduled_backup
    return new_backup(
      older_than = 6
      ignore_files = True
      backup_path = None
      backup_path_db = None
      backup_path_files = None
      backup_path_private_files = None
      backup_path_conf = None
      ignore_conf = False
      include_doctypes = ''
      exclude_doctypes = ''
      compress = False
      force = True
      verbose = True
      old_backup_metadata = False
      rollback_callback = frappe.utils.CallbackManager()
  File "apps/frappe/frappe/utils/backups.py", line 626, in new_backup
    odb = BackupGenerator(
      older_than = 6
      ignore_files = True
      backup_path = None
      backup_path_db = None
      backup_path_files = None
      backup_path_private_files = None
      backup_path_conf = None
      ignore_conf = False
      include_doctypes = ''
      exclude_doctypes = ''
      compress = False
      force = True
      verbose = True
      old_backup_metadata = False
      rollback_callback = frappe.utils.CallbackManager()
  File "apps/frappe/frappe/utils/backups.py", line 89, in __init__
    self.setup_backup_tables()
      self = frappe.utils.backups.BackupGenerator(backup_path=None, backup_path_conf=None, backup_path_db=None, backup_path_files=None, backup_path_private_files=None, compress_files=False, db_host='127.0.0.1', db_name='_6f50fd9bd43e311e', db_port=3306, db_socket=None, db_type='mariadb', exclude_doctypes='', ignore_conf=False, include_doctypes='', old_backup_metadata=False, partial=False, password='E761HvvGjonQZzLO', rollback_callback=frappe.utils.CallbackManager(-), site_slug='project1', user='_6f50fd9bd43e311e', verbose=True)
      db_name = '_6f50fd9bd43e311e'
      user = '_6f50fd9bd43e311e'
      password = ********
      backup_path = None
      backup_path_db = None
      backup_path_files = None
      backup_path_private_files = None
      db_socket = None
      db_host = '127.0.0.1'
      db_port = 3306
      db_type = 'mariadb'
      backup_path_conf = None
      ignore_conf = False
      compress_files = False
      include_doctypes = ''
      exclude_doctypes = ''
      verbose = True
      old_backup_metadata = False
      rollback_callback = frappe.utils.CallbackManager()
      site = 'project1'
  File "apps/frappe/frappe/utils/backups.py", line 126, in setup_backup_tables
    self._set_existing_tables()
      self = frappe.utils.backups.BackupGenerator(backup_path=None, backup_path_conf=None, backup_path_db=None, backup_path_files=None, backup_path_private_files=None, compress_files=False, db_host='127.0.0.1', db_name='_6f50fd9bd43e311e', db_port=3306, db_socket=None, db_type='mariadb', exclude_doctypes='', ignore_conf=False, include_doctypes='', old_backup_metadata=False, partial=False, password='E761HvvGjonQZzLO', rollback_callback=frappe.utils.CallbackManager(-), site_slug='project1', user='_6f50fd9bd43e311e', verbose=True)
  File "apps/frappe/frappe/utils/backups.py", line 122, in _set_existing_tables
    self._existing_tables = frappe.db.get_tables()
      self = frappe.utils.backups.BackupGenerator(backup_path=None, backup_path_conf=None, backup_path_db=None, backup_path_files=None, backup_path_private_files=None, compress_files=False, db_host='127.0.0.1', db_name='_6f50fd9bd43e311e', db_port=3306, db_socket=None, db_type='mariadb', exclude_doctypes='', ignore_conf=False, include_doctypes='', old_backup_metadata=False, partial=False, password='E761HvvGjonQZzLO', rollback_callback=frappe.utils.CallbackManager(-), site_slug='project1', user='_6f50fd9bd43e311e', verbose=True)
  File "apps/frappe/frappe/database/mariadb/mysqlclient.py", line 524, in get_tables
    .run(pluck=True)
      self = frappe.database.mariadb.mysqlclient.MariaDBDatabase(after_commit=frappe.utils.CallbackManager(-), after_rollback=frappe.utils.CallbackManager(-), auto_commit_on_many_writes=0, before_commit=frappe.utils.CallbackManager(-), before_rollback=frappe.utils.CallbackManager(-), cur_db_name='_6f50fd9bd43e311e', db_type='mariadb', host='127.0.0.1', logger=<Logger database-project1 (WARNING)>, password='E761HvvGjonQZzLO', port=3306, socket=None, transaction_writes=0, type_map={'Currency': ('decimal', '21,9'), 'Int': ('int', '11'), 'Long Int': ('bigint', '20'), 'Float': ('decimal', '21,9'), 'Percent': ('decimal', '21,9'), 'Check': ('tinyint', '4'), 'Small Text': ('text', ''), 'Long Text': ('longtext...'), 'Color': ('varchar', 140), 'Barcode': ('longtext', ''), 'Geolocation': ('longtext', ''), 'Duration': ('decimal', '21,9'), 'Icon': ('varchar', 140), 'Phone': ('varchar', 140), 'Autocomplete': ('varchar', 140), 'JSON': ('json', '')}, user='_6f50fd9bd43e311e', value_cache=collections.defaultdict{})
      cached = True
      to_query = True
      tables = None
      information_schema = pypika.queries.Schema()
  File "apps/frappe/frappe/query_builder/utils.py", line 131, in execute_query
    result = frappe.local.db.sql(query, params, *args, **kwargs)  # nosemgrep
      query = 'SELECT `table_name` FROM `information_schema`.`tables` WHERE `table_schema`=%(param1)s'
      args = ()
      kwargs = {'pluck': True}
      dt = None
      fields = []
      child_queries = "_child_queries"
      params = {'param1': '_6f50fd9bd43e311e'}
  File "apps/frappe/frappe/database/database.py", line 249, in sql
    self.connect()
      self = frappe.database.mariadb.mysqlclient.MariaDBDatabase(after_commit=frappe.utils.CallbackManager(-), after_rollback=frappe.utils.CallbackManager(-), auto_commit_on_many_writes=0, before_commit=frappe.utils.CallbackManager(-), before_rollback=frappe.utils.CallbackManager(-), cur_db_name='_6f50fd9bd43e311e', db_type='mariadb', host='127.0.0.1', logger=<Logger database-project1 (WARNING)>, password='E761HvvGjonQZzLO', port=3306, socket=None, transaction_writes=0, type_map={'Currency': ('decimal', '21,9'), 'Int': ('int', '11'), 'Long Int': ('bigint', '20'), 'Float': ('decimal', '21,9'), 'Percent': ('decimal', '21,9'), 'Check': ('tinyint', '4'), 'Small Text': ('text', ''), 'Long Text': ('longtext...'), 'Color': ('varchar', 140), 'Barcode': ('longtext', ''), 'Geolocation': ('longtext', ''), 'Duration': ('decimal', '21,9'), 'Icon': ('varchar', 140), 'Phone': ('varchar', 140), 'Autocomplete': ('varchar', 140), 'JSON': ('json', '')}, user='_6f50fd9bd43e311e', value_cache=collections.defaultdict{})
      query = 'SELECT `table_name` FROM `information_schema`.`tables` WHERE `table_schema`=%(param1)s'
      values = {'param1': '_6f50fd9bd43e311e'}
      as_dict = 0
      as_list = 0
      debug = False
      ignore_ddl = 0
      auto_commit = 0
      update = None
      explain = False
      run = True
      pluck = True
      as_iterator = False
      query_type = 'select'
  File "apps/frappe/frappe/database/database.py", line 147, in connect
    self.get_connection()
      self = frappe.database.mariadb.mysqlclient.MariaDBDatabase(after_commit=frappe.utils.CallbackManager(-), after_rollback=frappe.utils.CallbackManager(-), auto_commit_on_many_writes=0, before_commit=frappe.utils.CallbackManager(-), before_rollback=frappe.utils.CallbackManager(-), cur_db_name='_6f50fd9bd43e311e', db_type='mariadb', host='127.0.0.1', logger=<Logger database-project1 (WARNING)>, password='E761HvvGjonQZzLO', port=3306, socket=None, transaction_writes=0, type_map={'Currency': ('decimal', '21,9'), 'Int': ('int', '11'), 'Long Int': ('bigint', '20'), 'Float': ('decimal', '21,9'), 'Percent': ('decimal', '21,9'), 'Check': ('tinyint', '4'), 'Small Text': ('text', ''), 'Long Text': ('longtext...'), 'Color': ('varchar', 140), 'Barcode': ('longtext', ''), 'Geolocation': ('longtext', ''), 'Duration': ('decimal', '21,9'), 'Icon': ('varchar', 140), 'Phone': ('varchar', 140), 'Autocomplete': ('varchar', 140), 'JSON': ('json', '')}, user='_6f50fd9bd43e311e', value_cache=collections.defaultdict{})
  File "apps/frappe/frappe/database/mariadb/mysqlclient.py", line 113, in get_connection
    conn = self._get_connection()
      self = frappe.database.mariadb.mysqlclient.MariaDBDatabase(after_commit=frappe.utils.CallbackManager(-), after_rollback=frappe.utils.CallbackManager(-), auto_commit_on_many_writes=0, before_commit=frappe.utils.CallbackManager(-), before_rollback=frappe.utils.CallbackManager(-), cur_db_name='_6f50fd9bd43e311e', db_type='mariadb', host='127.0.0.1', logger=<Logger database-project1 (WARNING)>, password='E761HvvGjonQZzLO', port=3306, socket=None, transaction_writes=0, type_map={'Currency': ('decimal', '21,9'), 'Int': ('int', '11'), 'Long Int': ('bigint', '20'), 'Float': ('decimal', '21,9'), 'Percent': ('decimal', '21,9'), 'Check': ('tinyint', '4'), 'Small Text': ('text', ''), 'Long Text': ('longtext...'), 'Color': ('varchar', 140), 'Barcode': ('longtext', ''), 'Geolocation': ('longtext', ''), 'Duration': ('decimal', '21,9'), 'Icon': ('varchar', 140), 'Phone': ('varchar', 140), 'Autocomplete': ('varchar', 140), 'JSON': ('json', '')}, user='_6f50fd9bd43e311e', value_cache=collections.defaultdict{})
  File "apps/frappe/frappe/database/mariadb/mysqlclient.py", line 118, in _get_connection
    return self.create_connection()
      self = frappe.database.mariadb.mysqlclient.MariaDBDatabase(after_commit=frappe.utils.CallbackManager(-), after_rollback=frappe.utils.CallbackManager(-), auto_commit_on_many_writes=0, before_commit=frappe.utils.CallbackManager(-), before_rollback=frappe.utils.CallbackManager(-), cur_db_name='_6f50fd9bd43e311e', db_type='mariadb', host='127.0.0.1', logger=<Logger database-project1 (WARNING)>, password='E761HvvGjonQZzLO', port=3306, socket=None, transaction_writes=0, type_map={'Currency': ('decimal', '21,9'), 'Int': ('int', '11'), 'Long Int': ('bigint', '20'), 'Float': ('decimal', '21,9'), 'Percent': ('decimal', '21,9'), 'Check': ('tinyint', '4'), 'Small Text': ('text', ''), 'Long Text': ('longtext...'), 'Color': ('varchar', 140), 'Barcode': ('longtext', ''), 'Geolocation': ('longtext', ''), 'Duration': ('decimal', '21,9'), 'Icon': ('varchar', 140), 'Phone': ('varchar', 140), 'Autocomplete': ('varchar', 140), 'JSON': ('json', '')}, user='_6f50fd9bd43e311e', value_cache=collections.defaultdict{})
  File "apps/frappe/frappe/database/mariadb/mysqlclient.py", line 121, in create_connection
    return MySQLdb.connect(**self.get_connection_settings())
      self = frappe.database.mariadb.mysqlclient.MariaDBDatabase(after_commit=frappe.utils.CallbackManager(-), after_rollback=frappe.utils.CallbackManager(-), auto_commit_on_many_writes=0, before_commit=frappe.utils.CallbackManager(-), before_rollback=frappe.utils.CallbackManager(-), cur_db_name='_6f50fd9bd43e311e', db_type='mariadb', host='127.0.0.1', logger=<Logger database-project1 (WARNING)>, password='E761HvvGjonQZzLO', port=3306, socket=None, transaction_writes=0, type_map={'Currency': ('decimal', '21,9'), 'Int': ('int', '11'), 'Long Int': ('bigint', '20'), 'Float': ('decimal', '21,9'), 'Percent': ('decimal', '21,9'), 'Check': ('tinyint', '4'), 'Small Text': ('text', ''), 'Long Text': ('longtext...'), 'Color': ('varchar', 140), 'Barcode': ('longtext', ''), 'Geolocation': ('longtext', ''), 'Duration': ('decimal', '21,9'), 'Icon': ('varchar', 140), 'Phone': ('varchar', 140), 'Autocomplete': ('varchar', 140), 'JSON': ('json', '')}, user='_6f50fd9bd43e311e', value_cache=collections.defaultdict{})
  File "env/lib/python3.14/site-packages/MySQLdb/__init__.py", line 121, in Connect
    return Connection(*args, **kwargs)
      args = ()
      kwargs = {'user': '_6f50fd9bd43e311e', 'conv': {<class 'int'>: <function Thing2Str at 0x7dff58a80eb0>, <class 'float'>: <function Float2Str at 0x7dff58a80f60>, <class 'NoneType'>: <function None2NULL at 0x7dff58a81010>, <class 'array.array'>: <function array2Str at 0x7dff58a81220>, <class 'bool'>: <function Bool2Str at 0x7dff58a80ca0>, <class 'datetime.date'>: <function Thing2Literal at 0x7dff58a810c0>, <class 'datetime.datetime'>: <function DateTime2literal at 0x7dff58a80720>, <class 'datetime.timedelta'>: <function escape_timedelta at 0x7dff58a83060>, <class 'set'>: <function Set2Str at 0x7dff58a80e00>, <class 'decimal.Decimal'>: <function Decimal2Literal at 0x7dff58a81170>, 1: <class 'int'>, 2: <c...t'>: <function escape_dict at 0x7dff58a83110>, <class 'frozenset'>: <function escape_frozenset at 0x7dff58a47ab0>}, 'charset': 'utf8mb4', 'use_unicode': True, 'local_infile': False, 'multi_statements': False, 'database': '_6f50fd9bd43e311e', 'host': '127.0.0.1', 'port': 3306, 'password': '********'}
      Connection = MySQLdb.connections.Connection
  File "env/lib/python3.14/site-packages/MySQLdb/connections.py", line 200, in __init__
    super().__init__(*args, **kwargs2)
      self = <_mysql.connection open to '(null)' at 0x3ee886e0>
      args = ()
      kwargs = {'user': '_6f50fd9bd43e311e', 'conv': {<class 'int'>: <function Thing2Str at 0x7dff58a80eb0>, <class 'float'>: <function Float2Str at 0x7dff58a80f60>, <class 'NoneType'>: <function None2NULL at 0x7dff58a81010>, <class 'array.array'>: <function array2Str at 0x7dff58a81220>, <class 'bool'>: <function Bool2Str at 0x7dff58a80ca0>, <class 'datetime.date'>: <function Thing2Literal at 0x7dff58a810c0>, <class 'datetime.datetime'>: <function DateTime2literal at 0x7dff58a80720>, <class 'datetime.timedelta'>: <function escape_timedelta at 0x7dff58a83060>, <class 'set'>: <function Set2Str at 0x7dff58a80e00>, <class 'decimal.Decimal'>: <function Decimal2Literal at 0x7dff58a81170>, 1: <class 'int'>, 2: <c...t'>: <function escape_dict at 0x7dff58a83110>, <class 'frozenset'>: <function escape_frozenset at 0x7dff58a47ab0>}, 'charset': 'utf8mb4', 'use_unicode': True, 'local_infile': False, 'multi_statements': False, 'database': '_6f50fd9bd43e311e', 'host': '127.0.0.1', 'port': 3306, 'password': '********'}
      CLIENT = <module 'MySQLdb.constants.CLIENT' from 'env/lib/python3.14/site-packages/MySQLdb/constants/CLIENT.py'>
      FIELD_TYPE = <module 'MySQLdb.constants.FIELD_TYPE' from 'env/lib/python3.14/site-packages/MySQLdb/constants/FIELD_TYPE.py'>
      conversions = {<class 'int'>: <function Thing2Str at 0x7dff58a80eb0>, <class 'float'>: <function Float2Str at 0x7dff58a80f60>, <class 'NoneType'>: <function None2NULL at 0x7dff58a81010>, <class 'array.array'>: <function array2Str at 0x7dff58a81220>, <class 'bool'>: <function Bool2Str at 0x7dff58a80ca0>, <class 'datetime.date'>: <function Thing2Literal at 0x7dff58a810c0>, <class 'datetime.datetime'>: <function DateTime2literal at 0x7dff58a80720>, <class 'datetime.timedelta'>: <function DateTimeDelta2literal at 0x7dff58a807d0>, <class 'set'>: <function Set2Str at 0x7dff58a80e00>, <class 'decimal.Decimal'>: <function Decimal2Literal at 0x7dff58a81170>, 1: <class 'int'>, 2: <class 'int'>, 3: <class 'int'>, 4:...r_None at 0x7dff58a80460>, 11: <function TimeDelta_or_None at 0x7dff58a80510>, 10: <function Date_or_None at 0x7dff58a80670>, 249: <class 'bytes'>, 250: <class 'bytes'>, 251: <class 'bytes'>, 252: <class 'bytes'>, 254: <class 'bytes'>, 253: <class 'bytes'>, 15: <class 'bytes'>, 245: <class 'bytes'>}
      _bytes_or_str = ((128, bytes), (None, str))
      kwargs2 = {'user': '_6f50fd9bd43e311e', 'conv': {<class 'int'>: <function Thing2Str at 0x7dff58a80eb0>, <class 'float'>: <function Float2Str at 0x7dff58a80f60>, <class 'NoneType'>: <function None2NULL at 0x7dff58a81010>, <class 'array.array'>: <function array2Str at 0x7dff58a81220>, <class 'bool'>: <function Bool2Str at 0x7dff58a80ca0>, <class 'datetime.date'>: <function Thing2Literal at 0x7dff58a810c0>, <class 'datetime.datetime'>: <function DateTime2literal at 0x7dff58a80720>, <class 'datetime.timedelta'>: <function escape_timedelta at 0x7dff58a83060>, <class 'set'>: <function Set2Str at 0x7dff58a80e00>, <class 'decimal.Decimal'>: <function Decimal2Literal at 0x7dff58a81170>, 1: <class 'int'>, 2: <c...ass 'bytes'>, <class 'dict'>: <function escape_dict at 0x7dff58a83110>, <class 'frozenset'>: <function escape_frozenset at 0x7dff58a47ab0>}, 'charset': 'utf8mb4', 'local_infile': False, 'database': '_6f50fd9bd43e311e', 'host': '127.0.0.1', 'port': 3306, 'password': '********', 'client_flag': 131072}
      conv = {<class 'int'>: <function Thing2Str at 0x7dff58a80eb0>, <class 'float'>: <function Float2Str at 0x7dff58a80f60>, <class 'NoneType'>: <function None2NULL at 0x7dff58a81010>, <class 'array.array'>: <function array2Str at 0x7dff58a81220>, <class 'bool'>: <function Bool2Str at 0x7dff58a80ca0>, <class 'datetime.date'>: <function Thing2Literal at 0x7dff58a810c0>, <class 'datetime.datetime'>: <function DateTime2literal at 0x7dff58a80720>, <class 'datetime.timedelta'>: <function escape_timedelta at 0x7dff58a83060>, <class 'set'>: <function Set2Str at 0x7dff58a80e00>, <class 'decimal.Decimal'>: <function Decimal2Literal at 0x7dff58a81170>, 1: <class 'int'>, 2: <class 'int'>, 3: <class 'int'>, 4: <cla...249: <class 'bytes'>, 250: <class 'bytes'>, 251: <class 'bytes'>, 252: <class 'bytes'>, 254: <class 'bytes'>, 253: <class 'bytes'>, 15: <class 'bytes'>, 245: <class 'bytes'>, <class 'dict'>: <function escape_dict at 0x7dff58a83110>, <class 'frozenset'>: <function escape_frozenset at 0x7dff58a47ab0>}
      conv2 = {<class 'int'>: <function Thing2Str at 0x7dff58a80eb0>, <class 'float'>: <function Float2Str at 0x7dff58a80f60>, <class 'NoneType'>: <function None2NULL at 0x7dff58a81010>, <class 'array.array'>: <function array2Str at 0x7dff58a81220>, <class 'bool'>: <function Bool2Str at 0x7dff58a80ca0>, <class 'datetime.date'>: <function Thing2Literal at 0x7dff58a810c0>, <class 'datetime.datetime'>: <function DateTime2literal at 0x7dff58a80720>, <class 'datetime.timedelta'>: <function escape_timedelta at 0x7dff58a83060>, <class 'set'>: <function Set2Str at 0x7dff58a80e00>, <class 'decimal.Decimal'>: <function Decimal2Literal at 0x7dff58a81170>, 1: <class 'int'>, 2: <class 'int'>, 3: <class 'int'>, 4: <cla...249: <class 'bytes'>, 250: <class 'bytes'>, 251: <class 'bytes'>, 252: <class 'bytes'>, 254: <class 'bytes'>, 253: <class 'bytes'>, 15: <class 'bytes'>, 245: <class 'bytes'>, <class 'dict'>: <function escape_dict at 0x7dff58a83110>, <class 'frozenset'>: <function escape_frozenset at 0x7dff58a47ab0>}
      k = frozenset
      v = <function escape_frozenset at 0x7dff58a47ab0>
      cursorclass = MySQLdb.cursors.Cursor
      charset = 'utf8mb4'
      collation = ''
      use_unicode = True
      sql_mode = ''
      client_flag = 131072
      multi_statements = False
      autocommit = False
      __class__ = MySQLdb.connections.Connection
MySQLdb.OperationalError: (1045, "Access denied for user '_6f50fd9bd43e311e'@'localhost' (using password: YES)")
/bin/sh: 1: /home/thennarasu/bench-cli-env/bin/bench: not found
set -o pipefail; /usr/bin/mariadb-dump --user=_471d97967027c1d4 --host=127.0.0.1 --port=3306 --password=********** --single-transaction --quick --lock-tables=false _471d97967027c1d4 | /usr/bin/gzip >> ./cabs/private/backups/20260801_173001-cabs-database.sql.gz

Backup Summary for cabs at 2026-08-01 17:30:02.826649
Config  : /home/thennarasu/new-bench/sites/cabs/private/backups/20260801_173001-cabs-site_config_backup.json 163.0B
Database: /home/thennarasu/new-bench/sites/cabs/private/backups/20260801_173001-cabs-database.sql.gz 256.5KiB
Backup for Site cabs has been successfully completed
File ./library.local/private/backups/20260801_113003-library_local-database.sql.gz is recent
File ./library.local/private/backups/20260801_113003-library_local-site_config_backup.json is recent
set -o pipefail; /usr/bin/mariadb-dump --user=_790e3cbedbf5b420 --host=127.0.0.1 --port=3306 --password=********** --single-transaction --quick --lock-tables=false _790e3cbedbf5b420 | /usr/bin/gzip >> ./library.local/private/backups/20260801_173002-library_local-database.sql.gz

Backup Summary for library.local at 2026-08-01 17:30:04.402754
Config  : /home/thennarasu/new-bench/sites/library.local/private/backups/20260801_173002-library_local-site_config_backup.json 294.0B
Database: /home/thennarasu/new-bench/sites/library.local/private/backups/20260801_173002-library_local-database.sql.gz 4.3MiB
Backup for Site library.local has been successfully completed
File ./mysite.local/private/backups/20260801_113005-mysite_local-database.sql.gz is recent
File ./mysite.local/private/backups/20260801_113005-mysite_local-site_config_backup.json is recent
set -o pipefail; /usr/bin/mariadb-dump --user=_1f3a7ccb229053db --host=127.0.0.1 --port=3306 --password=********** --single-transaction --quick --lock-tables=false _1f3a7ccb229053db | /usr/bin/gzip >> ./mysite.local/private/backups/20260801_173004-mysite_local-database.sql.gz

Backup Summary for mysite.local at 2026-08-01 17:30:05.804241
Config  : /home/thennarasu/new-bench/sites/mysite.local/private/backups/20260801_173004-mysite_local-site_config_backup.json 200.0B
Database: /home/thennarasu/new-bench/sites/mysite.local/private/backups/20260801_173004-mysite_local-database.sql.gz 266.1KiB
Backup for Site mysite.local has been successfully completed
File ./project/private/backups/20260801_113006-project-database.sql.gz is recent
File ./project/private/backups/20260801_113006-project-site_config_backup.json is recent
set -o pipefail; /usr/bin/mariadb-dump --user=_e3de23dabe070975 --host=127.0.0.1 --port=3306 --password=********** --single-transaction --quick --lock-tables=false _e3de23dabe070975 | /usr/bin/gzip >> ./project/private/backups/20260801_173005-project-database.sql.gz

Backup Summary for project at 2026-08-01 17:30:07.118940
Config  : /home/thennarasu/new-bench/sites/project/private/backups/20260801_173005-project-site_config_backup.json 221.0B
Database: /home/thennarasu/new-bench/sites/project/private/backups/20260801_173005-project-database.sql.gz 290.9KiB
Backup for Site project has been successfully completed
Backup failed for Site project1. Database or site_config.json may be corrupted
Traceback with variables (most recent call last):
  File "apps/frappe/frappe/commands/site.py", line 881, in backup
    odb = scheduled_backup(
      context = CliCtxObj(force=False, profile=False, sites=['cabs', 'library.local', 'mysite.local', 'project', 'project1'], verbose=True)
      with_files = False
      backup_path = None
      backup_path_db = None
      backup_path_files = None
      backup_path_private_files = None
      backup_path_conf = None
      ignore_backup_conf = False
      verbose = True
      compress = False
      include = ''
      exclude = ''
      old_backup_metadata = False
      scheduled_backup = <function scheduled_backup at 0x7a1975136980>
      exit_code = 0
      rollback_callback = None
      site = 'project1'
      odb = frappe.utils.backups.BackupGenerator(backup_excludes=[], backup_includes=[], backup_path=None, backup_path_conf='./project/private/backups/20260801_173005-project-site_config_backup.json', backup_path_db='./project/private/backups/20260801_173005-project-database.sql.gz', backup_path_files='./project/private/backups/20260801_173005-project-files.tar', backup_path_private_files='./project/private/backups/20260801_173005-project-private-files.tar', compress_files=False, db_host='127.0.0.1', db_name='_e3de23dabe070975', db_port=3306, db_socket=None, db_type='mariadb', exclude_doctypes='', ignore_conf=False, include_doctypes='', old_backup_metadata=False, partial=[], password='ZoAg2AGlD9iZ5FXr', rollback_callback=frappe.utils.CallbackManager(-), site_slug='project', todays_date='20260801_173005', user='_e3de23dabe070975', verbose=True)
  File "apps/frappe/frappe/utils/backups.py", line 589, in scheduled_backup
    return new_backup(
      older_than = 6
      ignore_files = True
      backup_path = None
      backup_path_db = None
      backup_path_files = None
      backup_path_private_files = None
      backup_path_conf = None
      ignore_conf = False
      include_doctypes = ''
      exclude_doctypes = ''
      compress = False
      force = True
      verbose = True
      old_backup_metadata = False
      rollback_callback = frappe.utils.CallbackManager()
  File "apps/frappe/frappe/utils/backups.py", line 626, in new_backup
    odb = BackupGenerator(
      older_than = 6
      ignore_files = True
      backup_path = None
      backup_path_db = None
      backup_path_files = None
      backup_path_private_files = None
      backup_path_conf = None
      ignore_conf = False
      include_doctypes = ''
      exclude_doctypes = ''
      compress = False
      force = True
      verbose = True
      old_backup_metadata = False
      rollback_callback = frappe.utils.CallbackManager()
  File "apps/frappe/frappe/utils/backups.py", line 89, in __init__
    self.setup_backup_tables()
      self = frappe.utils.backups.BackupGenerator(backup_path=None, backup_path_conf=None, backup_path_db=None, backup_path_files=None, backup_path_private_files=None, compress_files=False, db_host='127.0.0.1', db_name='_6f50fd9bd43e311e', db_port=3306, db_socket=None, db_type='mariadb', exclude_doctypes='', ignore_conf=False, include_doctypes='', old_backup_metadata=False, partial=False, password='E761HvvGjonQZzLO', rollback_callback=frappe.utils.CallbackManager(-), site_slug='project1', user='_6f50fd9bd43e311e', verbose=True)
      db_name = '_6f50fd9bd43e311e'
      user = '_6f50fd9bd43e311e'
      password = ********
      backup_path = None
      backup_path_db = None
      backup_path_files = None
      backup_path_private_files = None
      db_socket = None
      db_host = '127.0.0.1'
      db_port = 3306
      db_type = 'mariadb'
      backup_path_conf = None
      ignore_conf = False
      compress_files = False
      include_doctypes = ''
      exclude_doctypes = ''
      verbose = True
      old_backup_metadata = False
      rollback_callback = frappe.utils.CallbackManager()
      site = 'project1'
  File "apps/frappe/frappe/utils/backups.py", line 126, in setup_backup_tables
    self._set_existing_tables()
      self = frappe.utils.backups.BackupGenerator(backup_path=None, backup_path_conf=None, backup_path_db=None, backup_path_files=None, backup_path_private_files=None, compress_files=False, db_host='127.0.0.1', db_name='_6f50fd9bd43e311e', db_port=3306, db_socket=None, db_type='mariadb', exclude_doctypes='', ignore_conf=False, include_doctypes='', old_backup_metadata=False, partial=False, password='E761HvvGjonQZzLO', rollback_callback=frappe.utils.CallbackManager(-), site_slug='project1', user='_6f50fd9bd43e311e', verbose=True)
  File "apps/frappe/frappe/utils/backups.py", line 122, in _set_existing_tables
    self._existing_tables = frappe.db.get_tables()
      self = frappe.utils.backups.BackupGenerator(backup_path=None, backup_path_conf=None, backup_path_db=None, backup_path_files=None, backup_path_private_files=None, compress_files=False, db_host='127.0.0.1', db_name='_6f50fd9bd43e311e', db_port=3306, db_socket=None, db_type='mariadb', exclude_doctypes='', ignore_conf=False, include_doctypes='', old_backup_metadata=False, partial=False, password='E761HvvGjonQZzLO', rollback_callback=frappe.utils.CallbackManager(-), site_slug='project1', user='_6f50fd9bd43e311e', verbose=True)
  File "apps/frappe/frappe/database/mariadb/mysqlclient.py", line 524, in get_tables
    .run(pluck=True)
      self = frappe.database.mariadb.mysqlclient.MariaDBDatabase(after_commit=frappe.utils.CallbackManager(-), after_rollback=frappe.utils.CallbackManager(-), auto_commit_on_many_writes=0, before_commit=frappe.utils.CallbackManager(-), before_rollback=frappe.utils.CallbackManager(-), cur_db_name='_6f50fd9bd43e311e', db_type='mariadb', host='127.0.0.1', logger=<Logger database-project1 (WARNING)>, password='E761HvvGjonQZzLO', port=3306, socket=None, transaction_writes=0, type_map={'Currency': ('decimal', '21,9'), 'Int': ('int', '11'), 'Long Int': ('bigint', '20'), 'Float': ('decimal', '21,9'), 'Percent': ('decimal', '21,9'), 'Check': ('tinyint', '4'), 'Small Text': ('text', ''), 'Long Text': ('longtext...'), 'Color': ('varchar', 140), 'Barcode': ('longtext', ''), 'Geolocation': ('longtext', ''), 'Duration': ('decimal', '21,9'), 'Icon': ('varchar', 140), 'Phone': ('varchar', 140), 'Autocomplete': ('varchar', 140), 'JSON': ('json', '')}, user='_6f50fd9bd43e311e', value_cache=collections.defaultdict{})
      cached = True
      to_query = True
      tables = None
      information_schema = pypika.queries.Schema()
  File "apps/frappe/frappe/query_builder/utils.py", line 131, in execute_query
    result = frappe.local.db.sql(query, params, *args, **kwargs)  # nosemgrep
      query = 'SELECT `table_name` FROM `information_schema`.`tables` WHERE `table_schema`=%(param1)s'
      args = ()
      kwargs = {'pluck': True}
      dt = None
      fields = []
      child_queries = "_child_queries"
      params = {'param1': '_6f50fd9bd43e311e'}
  File "apps/frappe/frappe/database/database.py", line 249, in sql
    self.connect()
      self = frappe.database.mariadb.mysqlclient.MariaDBDatabase(after_commit=frappe.utils.CallbackManager(-), after_rollback=frappe.utils.CallbackManager(-), auto_commit_on_many_writes=0, before_commit=frappe.utils.CallbackManager(-), before_rollback=frappe.utils.CallbackManager(-), cur_db_name='_6f50fd9bd43e311e', db_type='mariadb', host='127.0.0.1', logger=<Logger database-project1 (WARNING)>, password='E761HvvGjonQZzLO', port=3306, socket=None, transaction_writes=0, type_map={'Currency': ('decimal', '21,9'), 'Int': ('int', '11'), 'Long Int': ('bigint', '20'), 'Float': ('decimal', '21,9'), 'Percent': ('decimal', '21,9'), 'Check': ('tinyint', '4'), 'Small Text': ('text', ''), 'Long Text': ('longtext...'), 'Color': ('varchar', 140), 'Barcode': ('longtext', ''), 'Geolocation': ('longtext', ''), 'Duration': ('decimal', '21,9'), 'Icon': ('varchar', 140), 'Phone': ('varchar', 140), 'Autocomplete': ('varchar', 140), 'JSON': ('json', '')}, user='_6f50fd9bd43e311e', value_cache=collections.defaultdict{})
      query = 'SELECT `table_name` FROM `information_schema`.`tables` WHERE `table_schema`=%(param1)s'
      values = {'param1': '_6f50fd9bd43e311e'}
      as_dict = 0
      as_list = 0
      debug = False
      ignore_ddl = 0
      auto_commit = 0
      update = None
      explain = False
      run = True
      pluck = True
      as_iterator = False
      query_type = 'select'
  File "apps/frappe/frappe/database/database.py", line 147, in connect
    self.get_connection()
      self = frappe.database.mariadb.mysqlclient.MariaDBDatabase(after_commit=frappe.utils.CallbackManager(-), after_rollback=frappe.utils.CallbackManager(-), auto_commit_on_many_writes=0, before_commit=frappe.utils.CallbackManager(-), before_rollback=frappe.utils.CallbackManager(-), cur_db_name='_6f50fd9bd43e311e', db_type='mariadb', host='127.0.0.1', logger=<Logger database-project1 (WARNING)>, password='E761HvvGjonQZzLO', port=3306, socket=None, transaction_writes=0, type_map={'Currency': ('decimal', '21,9'), 'Int': ('int', '11'), 'Long Int': ('bigint', '20'), 'Float': ('decimal', '21,9'), 'Percent': ('decimal', '21,9'), 'Check': ('tinyint', '4'), 'Small Text': ('text', ''), 'Long Text': ('longtext...'), 'Color': ('varchar', 140), 'Barcode': ('longtext', ''), 'Geolocation': ('longtext', ''), 'Duration': ('decimal', '21,9'), 'Icon': ('varchar', 140), 'Phone': ('varchar', 140), 'Autocomplete': ('varchar', 140), 'JSON': ('json', '')}, user='_6f50fd9bd43e311e', value_cache=collections.defaultdict{})
  File "apps/frappe/frappe/database/mariadb/mysqlclient.py", line 113, in get_connection
    conn = self._get_connection()
      self = frappe.database.mariadb.mysqlclient.MariaDBDatabase(after_commit=frappe.utils.CallbackManager(-), after_rollback=frappe.utils.CallbackManager(-), auto_commit_on_many_writes=0, before_commit=frappe.utils.CallbackManager(-), before_rollback=frappe.utils.CallbackManager(-), cur_db_name='_6f50fd9bd43e311e', db_type='mariadb', host='127.0.0.1', logger=<Logger database-project1 (WARNING)>, password='E761HvvGjonQZzLO', port=3306, socket=None, transaction_writes=0, type_map={'Currency': ('decimal', '21,9'), 'Int': ('int', '11'), 'Long Int': ('bigint', '20'), 'Float': ('decimal', '21,9'), 'Percent': ('decimal', '21,9'), 'Check': ('tinyint', '4'), 'Small Text': ('text', ''), 'Long Text': ('longtext...'), 'Color': ('varchar', 140), 'Barcode': ('longtext', ''), 'Geolocation': ('longtext', ''), 'Duration': ('decimal', '21,9'), 'Icon': ('varchar', 140), 'Phone': ('varchar', 140), 'Autocomplete': ('varchar', 140), 'JSON': ('json', '')}, user='_6f50fd9bd43e311e', value_cache=collections.defaultdict{})
  File "apps/frappe/frappe/database/mariadb/mysqlclient.py", line 118, in _get_connection
    return self.create_connection()
      self = frappe.database.mariadb.mysqlclient.MariaDBDatabase(after_commit=frappe.utils.CallbackManager(-), after_rollback=frappe.utils.CallbackManager(-), auto_commit_on_many_writes=0, before_commit=frappe.utils.CallbackManager(-), before_rollback=frappe.utils.CallbackManager(-), cur_db_name='_6f50fd9bd43e311e', db_type='mariadb', host='127.0.0.1', logger=<Logger database-project1 (WARNING)>, password='E761HvvGjonQZzLO', port=3306, socket=None, transaction_writes=0, type_map={'Currency': ('decimal', '21,9'), 'Int': ('int', '11'), 'Long Int': ('bigint', '20'), 'Float': ('decimal', '21,9'), 'Percent': ('decimal', '21,9'), 'Check': ('tinyint', '4'), 'Small Text': ('text', ''), 'Long Text': ('longtext...'), 'Color': ('varchar', 140), 'Barcode': ('longtext', ''), 'Geolocation': ('longtext', ''), 'Duration': ('decimal', '21,9'), 'Icon': ('varchar', 140), 'Phone': ('varchar', 140), 'Autocomplete': ('varchar', 140), 'JSON': ('json', '')}, user='_6f50fd9bd43e311e', value_cache=collections.defaultdict{})
  File "apps/frappe/frappe/database/mariadb/mysqlclient.py", line 121, in create_connection
    return MySQLdb.connect(**self.get_connection_settings())
      self = frappe.database.mariadb.mysqlclient.MariaDBDatabase(after_commit=frappe.utils.CallbackManager(-), after_rollback=frappe.utils.CallbackManager(-), auto_commit_on_many_writes=0, before_commit=frappe.utils.CallbackManager(-), before_rollback=frappe.utils.CallbackManager(-), cur_db_name='_6f50fd9bd43e311e', db_type='mariadb', host='127.0.0.1', logger=<Logger database-project1 (WARNING)>, password='E761HvvGjonQZzLO', port=3306, socket=None, transaction_writes=0, type_map={'Currency': ('decimal', '21,9'), 'Int': ('int', '11'), 'Long Int': ('bigint', '20'), 'Float': ('decimal', '21,9'), 'Percent': ('decimal', '21,9'), 'Check': ('tinyint', '4'), 'Small Text': ('text', ''), 'Long Text': ('longtext...'), 'Color': ('varchar', 140), 'Barcode': ('longtext', ''), 'Geolocation': ('longtext', ''), 'Duration': ('decimal', '21,9'), 'Icon': ('varchar', 140), 'Phone': ('varchar', 140), 'Autocomplete': ('varchar', 140), 'JSON': ('json', '')}, user='_6f50fd9bd43e311e', value_cache=collections.defaultdict{})
  File "env/lib/python3.14/site-packages/MySQLdb/__init__.py", line 121, in Connect
    return Connection(*args, **kwargs)
      args = ()
      kwargs = {'user': '_6f50fd9bd43e311e', 'conv': {<class 'int'>: <function Thing2Str at 0x7a1974270eb0>, <class 'float'>: <function Float2Str at 0x7a1974270f60>, <class 'NoneType'>: <function None2NULL at 0x7a1974271010>, <class 'array.array'>: <function array2Str at 0x7a1974271220>, <class 'bool'>: <function Bool2Str at 0x7a1974270ca0>, <class 'datetime.date'>: <function Thing2Literal at 0x7a19742710c0>, <class 'datetime.datetime'>: <function DateTime2literal at 0x7a1974270720>, <class 'datetime.timedelta'>: <function escape_timedelta at 0x7a1974273060>, <class 'set'>: <function Set2Str at 0x7a1974270e00>, <class 'decimal.Decimal'>: <function Decimal2Literal at 0x7a1974271170>, 1: <class 'int'>, 2: <c...t'>: <function escape_dict at 0x7a1974273110>, <class 'frozenset'>: <function escape_frozenset at 0x7a1974237ab0>}, 'charset': 'utf8mb4', 'use_unicode': True, 'local_infile': False, 'multi_statements': False, 'database': '_6f50fd9bd43e311e', 'host': '127.0.0.1', 'port': 3306, 'password': '********'}
      Connection = MySQLdb.connections.Connection
  File "env/lib/python3.14/site-packages/MySQLdb/connections.py", line 200, in __init__
    super().__init__(*args, **kwargs2)
      self = <_mysql.connection open to '(null)' at 0x1578dd80>
      args = ()
      kwargs = {'user': '_6f50fd9bd43e311e', 'conv': {<class 'int'>: <function Thing2Str at 0x7a1974270eb0>, <class 'float'>: <function Float2Str at 0x7a1974270f60>, <class 'NoneType'>: <function None2NULL at 0x7a1974271010>, <class 'array.array'>: <function array2Str at 0x7a1974271220>, <class 'bool'>: <function Bool2Str at 0x7a1974270ca0>, <class 'datetime.date'>: <function Thing2Literal at 0x7a19742710c0>, <class 'datetime.datetime'>: <function DateTime2literal at 0x7a1974270720>, <class 'datetime.timedelta'>: <function escape_timedelta at 0x7a1974273060>, <class 'set'>: <function Set2Str at 0x7a1974270e00>, <class 'decimal.Decimal'>: <function Decimal2Literal at 0x7a1974271170>, 1: <class 'int'>, 2: <c...t'>: <function escape_dict at 0x7a1974273110>, <class 'frozenset'>: <function escape_frozenset at 0x7a1974237ab0>}, 'charset': 'utf8mb4', 'use_unicode': True, 'local_infile': False, 'multi_statements': False, 'database': '_6f50fd9bd43e311e', 'host': '127.0.0.1', 'port': 3306, 'password': '********'}
      CLIENT = <module 'MySQLdb.constants.CLIENT' from 'env/lib/python3.14/site-packages/MySQLdb/constants/CLIENT.py'>
      FIELD_TYPE = <module 'MySQLdb.constants.FIELD_TYPE' from 'env/lib/python3.14/site-packages/MySQLdb/constants/FIELD_TYPE.py'>
      conversions = {<class 'int'>: <function Thing2Str at 0x7a1974270eb0>, <class 'float'>: <function Float2Str at 0x7a1974270f60>, <class 'NoneType'>: <function None2NULL at 0x7a1974271010>, <class 'array.array'>: <function array2Str at 0x7a1974271220>, <class 'bool'>: <function Bool2Str at 0x7a1974270ca0>, <class 'datetime.date'>: <function Thing2Literal at 0x7a19742710c0>, <class 'datetime.datetime'>: <function DateTime2literal at 0x7a1974270720>, <class 'datetime.timedelta'>: <function DateTimeDelta2literal at 0x7a19742707d0>, <class 'set'>: <function Set2Str at 0x7a1974270e00>, <class 'decimal.Decimal'>: <function Decimal2Literal at 0x7a1974271170>, 1: <class 'int'>, 2: <class 'int'>, 3: <class 'int'>, 4:...r_None at 0x7a1974270460>, 11: <function TimeDelta_or_None at 0x7a1974270510>, 10: <function Date_or_None at 0x7a1974270670>, 249: <class 'bytes'>, 250: <class 'bytes'>, 251: <class 'bytes'>, 252: <class 'bytes'>, 254: <class 'bytes'>, 253: <class 'bytes'>, 15: <class 'bytes'>, 245: <class 'bytes'>}
      _bytes_or_str = ((128, bytes), (None, str))
      kwargs2 = {'user': '_6f50fd9bd43e311e', 'conv': {<class 'int'>: <function Thing2Str at 0x7a1974270eb0>, <class 'float'>: <function Float2Str at 0x7a1974270f60>, <class 'NoneType'>: <function None2NULL at 0x7a1974271010>, <class 'array.array'>: <function array2Str at 0x7a1974271220>, <class 'bool'>: <function Bool2Str at 0x7a1974270ca0>, <class 'datetime.date'>: <function Thing2Literal at 0x7a19742710c0>, <class 'datetime.datetime'>: <function DateTime2literal at 0x7a1974270720>, <class 'datetime.timedelta'>: <function escape_timedelta at 0x7a1974273060>, <class 'set'>: <function Set2Str at 0x7a1974270e00>, <class 'decimal.Decimal'>: <function Decimal2Literal at 0x7a1974271170>, 1: <class 'int'>, 2: <c...ass 'bytes'>, <class 'dict'>: <function escape_dict at 0x7a1974273110>, <class 'frozenset'>: <function escape_frozenset at 0x7a1974237ab0>}, 'charset': 'utf8mb4', 'local_infile': False, 'database': '_6f50fd9bd43e311e', 'host': '127.0.0.1', 'port': 3306, 'password': '********', 'client_flag': 131072}
      conv = {<class 'int'>: <function Thing2Str at 0x7a1974270eb0>, <class 'float'>: <function Float2Str at 0x7a1974270f60>, <class 'NoneType'>: <function None2NULL at 0x7a1974271010>, <class 'array.array'>: <function array2Str at 0x7a1974271220>, <class 'bool'>: <function Bool2Str at 0x7a1974270ca0>, <class 'datetime.date'>: <function Thing2Literal at 0x7a19742710c0>, <class 'datetime.datetime'>: <function DateTime2literal at 0x7a1974270720>, <class 'datetime.timedelta'>: <function escape_timedelta at 0x7a1974273060>, <class 'set'>: <function Set2Str at 0x7a1974270e00>, <class 'decimal.Decimal'>: <function Decimal2Literal at 0x7a1974271170>, 1: <class 'int'>, 2: <class 'int'>, 3: <class 'int'>, 4: <cla...249: <class 'bytes'>, 250: <class 'bytes'>, 251: <class 'bytes'>, 252: <class 'bytes'>, 254: <class 'bytes'>, 253: <class 'bytes'>, 15: <class 'bytes'>, 245: <class 'bytes'>, <class 'dict'>: <function escape_dict at 0x7a1974273110>, <class 'frozenset'>: <function escape_frozenset at 0x7a1974237ab0>}
      conv2 = {<class 'int'>: <function Thing2Str at 0x7a1974270eb0>, <class 'float'>: <function Float2Str at 0x7a1974270f60>, <class 'NoneType'>: <function None2NULL at 0x7a1974271010>, <class 'array.array'>: <function array2Str at 0x7a1974271220>, <class 'bool'>: <function Bool2Str at 0x7a1974270ca0>, <class 'datetime.date'>: <function Thing2Literal at 0x7a19742710c0>, <class 'datetime.datetime'>: <function DateTime2literal at 0x7a1974270720>, <class 'datetime.timedelta'>: <function escape_timedelta at 0x7a1974273060>, <class 'set'>: <function Set2Str at 0x7a1974270e00>, <class 'decimal.Decimal'>: <function Decimal2Literal at 0x7a1974271170>, 1: <class 'int'>, 2: <class 'int'>, 3: <class 'int'>, 4: <cla...249: <class 'bytes'>, 250: <class 'bytes'>, 251: <class 'bytes'>, 252: <class 'bytes'>, 254: <class 'bytes'>, 253: <class 'bytes'>, 15: <class 'bytes'>, 245: <class 'bytes'>, <class 'dict'>: <function escape_dict at 0x7a1974273110>, <class 'frozenset'>: <function escape_frozenset at 0x7a1974237ab0>}
      k = frozenset
      v = <function escape_frozenset at 0x7a1974237ab0>
      cursorclass = MySQLdb.cursors.Cursor
      charset = 'utf8mb4'
      collation = ''
      use_unicode = True
      sql_mode = ''
      client_flag = 131072
      multi_statements = False
      autocommit = False
      __class__ = MySQLdb.connections.Connection
MySQLdb.OperationalError: (1045, "Access denied for user '_6f50fd9bd43e311e'@'localhost' (using password: YES)")
/bin/sh: 1: /home/thennarasu/bench-cli-env/bin/bench: not found
set -o pipefail; /usr/bin/mariadb-dump --user=_471d97967027c1d4 --host=127.0.0.1 --port=3306 --password=********** --single-transaction --quick --lock-tables=false _471d97967027c1d4 | /usr/bin/gzip >> ./cabs/private/backups/20260803_173002-cabs-database.sql.gz

Backup Summary for cabs at 2026-08-03 17:30:03.608840
Config  : /home/thennarasu/new-bench/sites/cabs/private/backups/20260803_173002-cabs-site_config_backup.json 163.0B
Database: /home/thennarasu/new-bench/sites/cabs/private/backups/20260803_173002-cabs-database.sql.gz 258.5KiB
Backup for Site cabs has been successfully completed
File ./library.local/private/backups/20260801_113003-library_local-database.sql.gz is older than 23 hours
File ./library.local/private/backups/20260801_173002-library_local-database.sql.gz is older than 23 hours
File ./library.local/private/backups/20260801_113003-library_local-site_config_backup.json is older than 23 hours
File ./library.local/private/backups/20260801_173002-library_local-site_config_backup.json is older than 23 hours
set -o pipefail; /usr/bin/mariadb-dump --user=_790e3cbedbf5b420 --host=127.0.0.1 --port=3306 --password=********** --single-transaction --quick --lock-tables=false _790e3cbedbf5b420 | /usr/bin/gzip >> ./library.local/private/backups/20260803_173003-library_local-database.sql.gz

Backup Summary for library.local at 2026-08-03 17:30:04.743394
Config  : /home/thennarasu/new-bench/sites/library.local/private/backups/20260803_173003-library_local-site_config_backup.json 294.0B
Database: /home/thennarasu/new-bench/sites/library.local/private/backups/20260803_173003-library_local-database.sql.gz 4.4MiB
Backup for Site library.local has been successfully completed
File ./mysite.local/private/backups/20260801_173004-mysite_local-database.sql.gz is older than 23 hours
File ./mysite.local/private/backups/20260801_113005-mysite_local-database.sql.gz is older than 23 hours
File ./mysite.local/private/backups/20260801_113005-mysite_local-site_config_backup.json is older than 23 hours
File ./mysite.local/private/backups/20260801_173004-mysite_local-site_config_backup.json is older than 23 hours
set -o pipefail; /usr/bin/mariadb-dump --user=_1f3a7ccb229053db --host=127.0.0.1 --port=3306 --password=********** --single-transaction --quick --lock-tables=false _1f3a7ccb229053db | /usr/bin/gzip >> ./mysite.local/private/backups/20260803_173004-mysite_local-database.sql.gz

Backup Summary for mysite.local at 2026-08-03 17:30:05.845949
Config  : /home/thennarasu/new-bench/sites/mysite.local/private/backups/20260803_173004-mysite_local-site_config_backup.json 200.0B
Database: /home/thennarasu/new-bench/sites/mysite.local/private/backups/20260803_173004-mysite_local-database.sql.gz 267.7KiB
Backup for Site mysite.local has been successfully completed
File ./project/private/backups/20260801_113006-project-database.sql.gz is older than 23 hours
File ./project/private/backups/20260801_113006-project-site_config_backup.json is older than 23 hours
File ./project/private/backups/20260801_173005-project-database.sql.gz is older than 23 hours
File ./project/private/backups/20260801_173005-project-site_config_backup.json is older than 23 hours
set -o pipefail; /usr/bin/mariadb-dump --user=_e3de23dabe070975 --host=127.0.0.1 --port=3306 --password=********** --single-transaction --quick --lock-tables=false _e3de23dabe070975 | /usr/bin/gzip >> ./project/private/backups/20260803_173005-project-database.sql.gz

Backup Summary for project at 2026-08-03 17:30:06.995492
Config  : /home/thennarasu/new-bench/sites/project/private/backups/20260803_173005-project-site_config_backup.json 221.0B
Database: /home/thennarasu/new-bench/sites/project/private/backups/20260803_173005-project-database.sql.gz 292.4KiB
Backup for Site project has been successfully completed
Backup failed for Site project1. Database or site_config.json may be corrupted
Traceback with variables (most recent call last):
  File "apps/frappe/frappe/commands/site.py", line 881, in backup
    odb = scheduled_backup(
      context = CliCtxObj(force=False, profile=False, sites=['cabs', 'library.local', 'mysite.local', 'project', 'project1'], verbose=True)
      with_files = False
      backup_path = None
      backup_path_db = None
      backup_path_files = None
      backup_path_private_files = None
      backup_path_conf = None
      ignore_backup_conf = False
      verbose = True
      compress = False
      include = ''
      exclude = ''
      old_backup_metadata = False
      scheduled_backup = <function scheduled_backup at 0x775105b36980>
      exit_code = 0
      rollback_callback = None
      site = 'project1'
      odb = frappe.utils.backups.BackupGenerator(backup_excludes=[], backup_includes=[], backup_path=None, backup_path_conf='./project/private/backups/20260803_173005-project-site_config_backup.json', backup_path_db='./project/private/backups/20260803_173005-project-database.sql.gz', backup_path_files='./project/private/backups/20260803_173005-project-files.tar', backup_path_private_files='./project/private/backups/20260803_173005-project-private-files.tar', compress_files=False, db_host='127.0.0.1', db_name='_e3de23dabe070975', db_port=3306, db_socket=None, db_type='mariadb', exclude_doctypes='', ignore_conf=False, include_doctypes='', old_backup_metadata=False, partial=[], password='ZoAg2AGlD9iZ5FXr', rollback_callback=frappe.utils.CallbackManager(-), site_slug='project', todays_date='20260803_173005', user='_e3de23dabe070975', verbose=True)
  File "apps/frappe/frappe/utils/backups.py", line 589, in scheduled_backup
    return new_backup(
      older_than = 6
      ignore_files = True
      backup_path = None
      backup_path_db = None
      backup_path_files = None
      backup_path_private_files = None
      backup_path_conf = None
      ignore_conf = False
      include_doctypes = ''
      exclude_doctypes = ''
      compress = False
      force = True
      verbose = True
      old_backup_metadata = False
      rollback_callback = frappe.utils.CallbackManager()
  File "apps/frappe/frappe/utils/backups.py", line 626, in new_backup
    odb = BackupGenerator(
      older_than = 6
      ignore_files = True
      backup_path = None
      backup_path_db = None
      backup_path_files = None
      backup_path_private_files = None
      backup_path_conf = None
      ignore_conf = False
      include_doctypes = ''
      exclude_doctypes = ''
      compress = False
      force = True
      verbose = True
      old_backup_metadata = False
      rollback_callback = frappe.utils.CallbackManager()
  File "apps/frappe/frappe/utils/backups.py", line 89, in __init__
    self.setup_backup_tables()
      self = frappe.utils.backups.BackupGenerator(backup_path=None, backup_path_conf=None, backup_path_db=None, backup_path_files=None, backup_path_private_files=None, compress_files=False, db_host='127.0.0.1', db_name='_6f50fd9bd43e311e', db_port=3306, db_socket=None, db_type='mariadb', exclude_doctypes='', ignore_conf=False, include_doctypes='', old_backup_metadata=False, partial=False, password='E761HvvGjonQZzLO', rollback_callback=frappe.utils.CallbackManager(-), site_slug='project1', user='_6f50fd9bd43e311e', verbose=True)
      db_name = '_6f50fd9bd43e311e'
      user = '_6f50fd9bd43e311e'
      password = ********
      backup_path = None
      backup_path_db = None
      backup_path_files = None
      backup_path_private_files = None
      db_socket = None
      db_host = '127.0.0.1'
      db_port = 3306
      db_type = 'mariadb'
      backup_path_conf = None
      ignore_conf = False
      compress_files = False
      include_doctypes = ''
      exclude_doctypes = ''
      verbose = True
      old_backup_metadata = False
      rollback_callback = frappe.utils.CallbackManager()
      site = 'project1'
  File "apps/frappe/frappe/utils/backups.py", line 126, in setup_backup_tables
    self._set_existing_tables()
      self = frappe.utils.backups.BackupGenerator(backup_path=None, backup_path_conf=None, backup_path_db=None, backup_path_files=None, backup_path_private_files=None, compress_files=False, db_host='127.0.0.1', db_name='_6f50fd9bd43e311e', db_port=3306, db_socket=None, db_type='mariadb', exclude_doctypes='', ignore_conf=False, include_doctypes='', old_backup_metadata=False, partial=False, password='E761HvvGjonQZzLO', rollback_callback=frappe.utils.CallbackManager(-), site_slug='project1', user='_6f50fd9bd43e311e', verbose=True)
  File "apps/frappe/frappe/utils/backups.py", line 122, in _set_existing_tables
    self._existing_tables = frappe.db.get_tables()
      self = frappe.utils.backups.BackupGenerator(backup_path=None, backup_path_conf=None, backup_path_db=None, backup_path_files=None, backup_path_private_files=None, compress_files=False, db_host='127.0.0.1', db_name='_6f50fd9bd43e311e', db_port=3306, db_socket=None, db_type='mariadb', exclude_doctypes='', ignore_conf=False, include_doctypes='', old_backup_metadata=False, partial=False, password='E761HvvGjonQZzLO', rollback_callback=frappe.utils.CallbackManager(-), site_slug='project1', user='_6f50fd9bd43e311e', verbose=True)
  File "apps/frappe/frappe/database/mariadb/mysqlclient.py", line 524, in get_tables
    .run(pluck=True)
      self = frappe.database.mariadb.mysqlclient.MariaDBDatabase(after_commit=frappe.utils.CallbackManager(-), after_rollback=frappe.utils.CallbackManager(-), auto_commit_on_many_writes=0, before_commit=frappe.utils.CallbackManager(-), before_rollback=frappe.utils.CallbackManager(-), cur_db_name='_6f50fd9bd43e311e', db_type='mariadb', host='127.0.0.1', logger=<Logger database-project1 (WARNING)>, password='E761HvvGjonQZzLO', port=3306, socket=None, transaction_writes=0, type_map={'Currency': ('decimal', '21,9'), 'Int': ('int', '11'), 'Long Int': ('bigint', '20'), 'Float': ('decimal', '21,9'), 'Percent': ('decimal', '21,9'), 'Check': ('tinyint', '4'), 'Small Text': ('text', ''), 'Long Text': ('longtext...'), 'Color': ('varchar', 140), 'Barcode': ('longtext', ''), 'Geolocation': ('longtext', ''), 'Duration': ('decimal', '21,9'), 'Icon': ('varchar', 140), 'Phone': ('varchar', 140), 'Autocomplete': ('varchar', 140), 'JSON': ('json', '')}, user='_6f50fd9bd43e311e', value_cache=collections.defaultdict{})
      cached = True
      to_query = True
      tables = None
      information_schema = pypika.queries.Schema()
  File "apps/frappe/frappe/query_builder/utils.py", line 131, in execute_query
    result = frappe.local.db.sql(query, params, *args, **kwargs)  # nosemgrep
      query = 'SELECT `table_name` FROM `information_schema`.`tables` WHERE `table_schema`=%(param1)s'
      args = ()
      kwargs = {'pluck': True}
      dt = None
      fields = []
      child_queries = "_child_queries"
      params = {'param1': '_6f50fd9bd43e311e'}
  File "apps/frappe/frappe/database/database.py", line 249, in sql
    self.connect()
      self = frappe.database.mariadb.mysqlclient.MariaDBDatabase(after_commit=frappe.utils.CallbackManager(-), after_rollback=frappe.utils.CallbackManager(-), auto_commit_on_many_writes=0, before_commit=frappe.utils.CallbackManager(-), before_rollback=frappe.utils.CallbackManager(-), cur_db_name='_6f50fd9bd43e311e', db_type='mariadb', host='127.0.0.1', logger=<Logger database-project1 (WARNING)>, password='E761HvvGjonQZzLO', port=3306, socket=None, transaction_writes=0, type_map={'Currency': ('decimal', '21,9'), 'Int': ('int', '11'), 'Long Int': ('bigint', '20'), 'Float': ('decimal', '21,9'), 'Percent': ('decimal', '21,9'), 'Check': ('tinyint', '4'), 'Small Text': ('text', ''), 'Long Text': ('longtext...'), 'Color': ('varchar', 140), 'Barcode': ('longtext', ''), 'Geolocation': ('longtext', ''), 'Duration': ('decimal', '21,9'), 'Icon': ('varchar', 140), 'Phone': ('varchar', 140), 'Autocomplete': ('varchar', 140), 'JSON': ('json', '')}, user='_6f50fd9bd43e311e', value_cache=collections.defaultdict{})
      query = 'SELECT `table_name` FROM `information_schema`.`tables` WHERE `table_schema`=%(param1)s'
      values = {'param1': '_6f50fd9bd43e311e'}
      as_dict = 0
      as_list = 0
      debug = False
      ignore_ddl = 0
      auto_commit = 0
      update = None
      explain = False
      run = True
      pluck = True
      as_iterator = False
      query_type = 'select'
  File "apps/frappe/frappe/database/database.py", line 147, in connect
    self.get_connection()
      self = frappe.database.mariadb.mysqlclient.MariaDBDatabase(after_commit=frappe.utils.CallbackManager(-), after_rollback=frappe.utils.CallbackManager(-), auto_commit_on_many_writes=0, before_commit=frappe.utils.CallbackManager(-), before_rollback=frappe.utils.CallbackManager(-), cur_db_name='_6f50fd9bd43e311e', db_type='mariadb', host='127.0.0.1', logger=<Logger database-project1 (WARNING)>, password='E761HvvGjonQZzLO', port=3306, socket=None, transaction_writes=0, type_map={'Currency': ('decimal', '21,9'), 'Int': ('int', '11'), 'Long Int': ('bigint', '20'), 'Float': ('decimal', '21,9'), 'Percent': ('decimal', '21,9'), 'Check': ('tinyint', '4'), 'Small Text': ('text', ''), 'Long Text': ('longtext...'), 'Color': ('varchar', 140), 'Barcode': ('longtext', ''), 'Geolocation': ('longtext', ''), 'Duration': ('decimal', '21,9'), 'Icon': ('varchar', 140), 'Phone': ('varchar', 140), 'Autocomplete': ('varchar', 140), 'JSON': ('json', '')}, user='_6f50fd9bd43e311e', value_cache=collections.defaultdict{})
  File "apps/frappe/frappe/database/mariadb/mysqlclient.py", line 113, in get_connection
    conn = self._get_connection()
      self = frappe.database.mariadb.mysqlclient.MariaDBDatabase(after_commit=frappe.utils.CallbackManager(-), after_rollback=frappe.utils.CallbackManager(-), auto_commit_on_many_writes=0, before_commit=frappe.utils.CallbackManager(-), before_rollback=frappe.utils.CallbackManager(-), cur_db_name='_6f50fd9bd43e311e', db_type='mariadb', host='127.0.0.1', logger=<Logger database-project1 (WARNING)>, password='E761HvvGjonQZzLO', port=3306, socket=None, transaction_writes=0, type_map={'Currency': ('decimal', '21,9'), 'Int': ('int', '11'), 'Long Int': ('bigint', '20'), 'Float': ('decimal', '21,9'), 'Percent': ('decimal', '21,9'), 'Check': ('tinyint', '4'), 'Small Text': ('text', ''), 'Long Text': ('longtext...'), 'Color': ('varchar', 140), 'Barcode': ('longtext', ''), 'Geolocation': ('longtext', ''), 'Duration': ('decimal', '21,9'), 'Icon': ('varchar', 140), 'Phone': ('varchar', 140), 'Autocomplete': ('varchar', 140), 'JSON': ('json', '')}, user='_6f50fd9bd43e311e', value_cache=collections.defaultdict{})
  File "apps/frappe/frappe/database/mariadb/mysqlclient.py", line 118, in _get_connection
    return self.create_connection()
      self = frappe.database.mariadb.mysqlclient.MariaDBDatabase(after_commit=frappe.utils.CallbackManager(-), after_rollback=frappe.utils.CallbackManager(-), auto_commit_on_many_writes=0, before_commit=frappe.utils.CallbackManager(-), before_rollback=frappe.utils.CallbackManager(-), cur_db_name='_6f50fd9bd43e311e', db_type='mariadb', host='127.0.0.1', logger=<Logger database-project1 (WARNING)>, password='E761HvvGjonQZzLO', port=3306, socket=None, transaction_writes=0, type_map={'Currency': ('decimal', '21,9'), 'Int': ('int', '11'), 'Long Int': ('bigint', '20'), 'Float': ('decimal', '21,9'), 'Percent': ('decimal', '21,9'), 'Check': ('tinyint', '4'), 'Small Text': ('text', ''), 'Long Text': ('longtext...'), 'Color': ('varchar', 140), 'Barcode': ('longtext', ''), 'Geolocation': ('longtext', ''), 'Duration': ('decimal', '21,9'), 'Icon': ('varchar', 140), 'Phone': ('varchar', 140), 'Autocomplete': ('varchar', 140), 'JSON': ('json', '')}, user='_6f50fd9bd43e311e', value_cache=collections.defaultdict{})
  File "apps/frappe/frappe/database/mariadb/mysqlclient.py", line 121, in create_connection
    return MySQLdb.connect(**self.get_connection_settings())
      self = frappe.database.mariadb.mysqlclient.MariaDBDatabase(after_commit=frappe.utils.CallbackManager(-), after_rollback=frappe.utils.CallbackManager(-), auto_commit_on_many_writes=0, before_commit=frappe.utils.CallbackManager(-), before_rollback=frappe.utils.CallbackManager(-), cur_db_name='_6f50fd9bd43e311e', db_type='mariadb', host='127.0.0.1', logger=<Logger database-project1 (WARNING)>, password='E761HvvGjonQZzLO', port=3306, socket=None, transaction_writes=0, type_map={'Currency': ('decimal', '21,9'), 'Int': ('int', '11'), 'Long Int': ('bigint', '20'), 'Float': ('decimal', '21,9'), 'Percent': ('decimal', '21,9'), 'Check': ('tinyint', '4'), 'Small Text': ('text', ''), 'Long Text': ('longtext...'), 'Color': ('varchar', 140), 'Barcode': ('longtext', ''), 'Geolocation': ('longtext', ''), 'Duration': ('decimal', '21,9'), 'Icon': ('varchar', 140), 'Phone': ('varchar', 140), 'Autocomplete': ('varchar', 140), 'JSON': ('json', '')}, user='_6f50fd9bd43e311e', value_cache=collections.defaultdict{})
  File "env/lib/python3.14/site-packages/MySQLdb/__init__.py", line 121, in Connect
    return Connection(*args, **kwargs)
      args = ()
      kwargs = {'user': '_6f50fd9bd43e311e', 'conv': {<class 'int'>: <function Thing2Str at 0x775104c70eb0>, <class 'float'>: <function Float2Str at 0x775104c70f60>, <class 'NoneType'>: <function None2NULL at 0x775104c71010>, <class 'array.array'>: <function array2Str at 0x775104c71220>, <class 'bool'>: <function Bool2Str at 0x775104c70ca0>, <class 'datetime.date'>: <function Thing2Literal at 0x775104c710c0>, <class 'datetime.datetime'>: <function DateTime2literal at 0x775104c70720>, <class 'datetime.timedelta'>: <function escape_timedelta at 0x775104c73060>, <class 'set'>: <function Set2Str at 0x775104c70e00>, <class 'decimal.Decimal'>: <function Decimal2Literal at 0x775104c71170>, 1: <class 'int'>, 2: <c...t'>: <function escape_dict at 0x775104c73110>, <class 'frozenset'>: <function escape_frozenset at 0x775104c37ab0>}, 'charset': 'utf8mb4', 'use_unicode': True, 'local_infile': False, 'multi_statements': False, 'database': '_6f50fd9bd43e311e', 'host': '127.0.0.1', 'port': 3306, 'password': '********'}
      Connection = MySQLdb.connections.Connection
  File "env/lib/python3.14/site-packages/MySQLdb/connections.py", line 200, in __init__
    super().__init__(*args, **kwargs2)
      self = <_mysql.connection open to '(null)' at 0x1ddb5800>
      args = ()
      kwargs = {'user': '_6f50fd9bd43e311e', 'conv': {<class 'int'>: <function Thing2Str at 0x775104c70eb0>, <class 'float'>: <function Float2Str at 0x775104c70f60>, <class 'NoneType'>: <function None2NULL at 0x775104c71010>, <class 'array.array'>: <function array2Str at 0x775104c71220>, <class 'bool'>: <function Bool2Str at 0x775104c70ca0>, <class 'datetime.date'>: <function Thing2Literal at 0x775104c710c0>, <class 'datetime.datetime'>: <function DateTime2literal at 0x775104c70720>, <class 'datetime.timedelta'>: <function escape_timedelta at 0x775104c73060>, <class 'set'>: <function Set2Str at 0x775104c70e00>, <class 'decimal.Decimal'>: <function Decimal2Literal at 0x775104c71170>, 1: <class 'int'>, 2: <c...t'>: <function escape_dict at 0x775104c73110>, <class 'frozenset'>: <function escape_frozenset at 0x775104c37ab0>}, 'charset': 'utf8mb4', 'use_unicode': True, 'local_infile': False, 'multi_statements': False, 'database': '_6f50fd9bd43e311e', 'host': '127.0.0.1', 'port': 3306, 'password': '********'}
      CLIENT = <module 'MySQLdb.constants.CLIENT' from 'env/lib/python3.14/site-packages/MySQLdb/constants/CLIENT.py'>
      FIELD_TYPE = <module 'MySQLdb.constants.FIELD_TYPE' from 'env/lib/python3.14/site-packages/MySQLdb/constants/FIELD_TYPE.py'>
      conversions = {<class 'int'>: <function Thing2Str at 0x775104c70eb0>, <class 'float'>: <function Float2Str at 0x775104c70f60>, <class 'NoneType'>: <function None2NULL at 0x775104c71010>, <class 'array.array'>: <function array2Str at 0x775104c71220>, <class 'bool'>: <function Bool2Str at 0x775104c70ca0>, <class 'datetime.date'>: <function Thing2Literal at 0x775104c710c0>, <class 'datetime.datetime'>: <function DateTime2literal at 0x775104c70720>, <class 'datetime.timedelta'>: <function DateTimeDelta2literal at 0x775104c707d0>, <class 'set'>: <function Set2Str at 0x775104c70e00>, <class 'decimal.Decimal'>: <function Decimal2Literal at 0x775104c71170>, 1: <class 'int'>, 2: <class 'int'>, 3: <class 'int'>, 4:...r_None at 0x775104c70460>, 11: <function TimeDelta_or_None at 0x775104c70510>, 10: <function Date_or_None at 0x775104c70670>, 249: <class 'bytes'>, 250: <class 'bytes'>, 251: <class 'bytes'>, 252: <class 'bytes'>, 254: <class 'bytes'>, 253: <class 'bytes'>, 15: <class 'bytes'>, 245: <class 'bytes'>}
      _bytes_or_str = ((128, bytes), (None, str))
      kwargs2 = {'user': '_6f50fd9bd43e311e', 'conv': {<class 'int'>: <function Thing2Str at 0x775104c70eb0>, <class 'float'>: <function Float2Str at 0x775104c70f60>, <class 'NoneType'>: <function None2NULL at 0x775104c71010>, <class 'array.array'>: <function array2Str at 0x775104c71220>, <class 'bool'>: <function Bool2Str at 0x775104c70ca0>, <class 'datetime.date'>: <function Thing2Literal at 0x775104c710c0>, <class 'datetime.datetime'>: <function DateTime2literal at 0x775104c70720>, <class 'datetime.timedelta'>: <function escape_timedelta at 0x775104c73060>, <class 'set'>: <function Set2Str at 0x775104c70e00>, <class 'decimal.Decimal'>: <function Decimal2Literal at 0x775104c71170>, 1: <class 'int'>, 2: <c...ass 'bytes'>, <class 'dict'>: <function escape_dict at 0x775104c73110>, <class 'frozenset'>: <function escape_frozenset at 0x775104c37ab0>}, 'charset': 'utf8mb4', 'local_infile': False, 'database': '_6f50fd9bd43e311e', 'host': '127.0.0.1', 'port': 3306, 'password': '********', 'client_flag': 131072}
      conv = {<class 'int'>: <function Thing2Str at 0x775104c70eb0>, <class 'float'>: <function Float2Str at 0x775104c70f60>, <class 'NoneType'>: <function None2NULL at 0x775104c71010>, <class 'array.array'>: <function array2Str at 0x775104c71220>, <class 'bool'>: <function Bool2Str at 0x775104c70ca0>, <class 'datetime.date'>: <function Thing2Literal at 0x775104c710c0>, <class 'datetime.datetime'>: <function DateTime2literal at 0x775104c70720>, <class 'datetime.timedelta'>: <function escape_timedelta at 0x775104c73060>, <class 'set'>: <function Set2Str at 0x775104c70e00>, <class 'decimal.Decimal'>: <function Decimal2Literal at 0x775104c71170>, 1: <class 'int'>, 2: <class 'int'>, 3: <class 'int'>, 4: <cla...249: <class 'bytes'>, 250: <class 'bytes'>, 251: <class 'bytes'>, 252: <class 'bytes'>, 254: <class 'bytes'>, 253: <class 'bytes'>, 15: <class 'bytes'>, 245: <class 'bytes'>, <class 'dict'>: <function escape_dict at 0x775104c73110>, <class 'frozenset'>: <function escape_frozenset at 0x775104c37ab0>}
      conv2 = {<class 'int'>: <function Thing2Str at 0x775104c70eb0>, <class 'float'>: <function Float2Str at 0x775104c70f60>, <class 'NoneType'>: <function None2NULL at 0x775104c71010>, <class 'array.array'>: <function array2Str at 0x775104c71220>, <class 'bool'>: <function Bool2Str at 0x775104c70ca0>, <class 'datetime.date'>: <function Thing2Literal at 0x775104c710c0>, <class 'datetime.datetime'>: <function DateTime2literal at 0x775104c70720>, <class 'datetime.timedelta'>: <function escape_timedelta at 0x775104c73060>, <class 'set'>: <function Set2Str at 0x775104c70e00>, <class 'decimal.Decimal'>: <function Decimal2Literal at 0x775104c71170>, 1: <class 'int'>, 2: <class 'int'>, 3: <class 'int'>, 4: <cla...249: <class 'bytes'>, 250: <class 'bytes'>, 251: <class 'bytes'>, 252: <class 'bytes'>, 254: <class 'bytes'>, 253: <class 'bytes'>, 15: <class 'bytes'>, 245: <class 'bytes'>, <class 'dict'>: <function escape_dict at 0x775104c73110>, <class 'frozenset'>: <function escape_frozenset at 0x775104c37ab0>}
      k = frozenset
      v = <function escape_frozenset at 0x775104c37ab0>
      cursorclass = MySQLdb.cursors.Cursor
      charset = 'utf8mb4'
      collation = ''
      use_unicode = True
      sql_mode = ''
      client_flag = 131072
      multi_statements = False
      autocommit = False
      __class__ = MySQLdb.connections.Connection
MySQLdb.OperationalError: (1045, "Access denied for user '_6f50fd9bd43e311e'@'localhost' (using password: YES)")
/bin/sh: 1: /home/thennarasu/bench-cli-env/bin/bench: not found
set -o pipefail; /usr/bin/mariadb-dump --user=_471d97967027c1d4 --host=127.0.0.1 --port=3306 --password=********** --single-transaction --quick --lock-tables=false _471d97967027c1d4 | /usr/bin/gzip >> ./cabs/private/backups/20260804_113002-cabs-database.sql.gz

Backup Summary for cabs at 2026-08-04 11:30:03.597610
Config  : /home/thennarasu/new-bench/sites/cabs/private/backups/20260804_113002-cabs-site_config_backup.json 163.0B
Database: /home/thennarasu/new-bench/sites/cabs/private/backups/20260804_113002-cabs-database.sql.gz 259.7KiB
Backup for Site cabs has been successfully completed
File ./library.local/private/backups/20260803_173003-library_local-database.sql.gz is recent
File ./library.local/private/backups/20260803_173003-library_local-site_config_backup.json is recent
set -o pipefail; /usr/bin/mariadb-dump --user=_790e3cbedbf5b420 --host=127.0.0.1 --port=3306 --password=********** --single-transaction --quick --lock-tables=false _790e3cbedbf5b420 | /usr/bin/gzip >> ./library.local/private/backups/20260804_113003-library_local-database.sql.gz

Backup Summary for library.local at 2026-08-04 11:30:04.989535
Config  : /home/thennarasu/new-bench/sites/library.local/private/backups/20260804_113003-library_local-site_config_backup.json 294.0B
Database: /home/thennarasu/new-bench/sites/library.local/private/backups/20260804_113003-library_local-database.sql.gz 4.4MiB
Backup for Site library.local has been successfully completed
File ./mysite.local/private/backups/20260803_173004-mysite_local-database.sql.gz is recent
File ./mysite.local/private/backups/20260803_173004-mysite_local-site_config_backup.json is recent
set -o pipefail; /usr/bin/mariadb-dump --user=_1f3a7ccb229053db --host=127.0.0.1 --port=3306 --password=********** --single-transaction --quick --lock-tables=false _1f3a7ccb229053db | /usr/bin/gzip >> ./mysite.local/private/backups/20260804_113004-mysite_local-database.sql.gz

Backup Summary for mysite.local at 2026-08-04 11:30:05.926964
Config  : /home/thennarasu/new-bench/sites/mysite.local/private/backups/20260804_113004-mysite_local-site_config_backup.json 200.0B
Database: /home/thennarasu/new-bench/sites/mysite.local/private/backups/20260804_113004-mysite_local-database.sql.gz 268.5KiB
Backup for Site mysite.local has been successfully completed
File ./project/private/backups/20260803_173005-project-database.sql.gz is recent
File ./project/private/backups/20260803_173005-project-site_config_backup.json is recent
set -o pipefail; /usr/bin/mariadb-dump --user=_e3de23dabe070975 --host=127.0.0.1 --port=3306 --password=********** --single-transaction --quick --lock-tables=false _e3de23dabe070975 | /usr/bin/gzip >> ./project/private/backups/20260804_113005-project-database.sql.gz

Backup Summary for project at 2026-08-04 11:30:07.086518
Config  : /home/thennarasu/new-bench/sites/project/private/backups/20260804_113005-project-site_config_backup.json 221.0B
Database: /home/thennarasu/new-bench/sites/project/private/backups/20260804_113005-project-database.sql.gz 293.4KiB
Backup for Site project has been successfully completed
Backup failed for Site project1. Database or site_config.json may be corrupted
Traceback with variables (most recent call last):
  File "apps/frappe/frappe/commands/site.py", line 881, in backup
    odb = scheduled_backup(
      context = CliCtxObj(force=False, profile=False, sites=['cabs', 'library.local', 'mysite.local', 'project', 'project1'], verbose=True)
      with_files = False
      backup_path = None
      backup_path_db = None
      backup_path_files = None
      backup_path_private_files = None
      backup_path_conf = None
      ignore_backup_conf = False
      verbose = True
      compress = False
      include = ''
      exclude = ''
      old_backup_metadata = False
      scheduled_backup = <function scheduled_backup at 0x71c1c5e16980>
      exit_code = 0
      rollback_callback = None
      site = 'project1'
      odb = frappe.utils.backups.BackupGenerator(backup_excludes=[], backup_includes=[], backup_path=None, backup_path_conf='./project/private/backups/20260804_113005-project-site_config_backup.json', backup_path_db='./project/private/backups/20260804_113005-project-database.sql.gz', backup_path_files='./project/private/backups/20260804_113005-project-files.tar', backup_path_private_files='./project/private/backups/20260804_113005-project-private-files.tar', compress_files=False, db_host='127.0.0.1', db_name='_e3de23dabe070975', db_port=3306, db_socket=None, db_type='mariadb', exclude_doctypes='', ignore_conf=False, include_doctypes='', old_backup_metadata=False, partial=[], password='ZoAg2AGlD9iZ5FXr', rollback_callback=frappe.utils.CallbackManager(-), site_slug='project', todays_date='20260804_113005', user='_e3de23dabe070975', verbose=True)
  File "apps/frappe/frappe/utils/backups.py", line 589, in scheduled_backup
    return new_backup(
      older_than = 6
      ignore_files = True
      backup_path = None
      backup_path_db = None
      backup_path_files = None
      backup_path_private_files = None
      backup_path_conf = None
      ignore_conf = False
      include_doctypes = ''
      exclude_doctypes = ''
      compress = False
      force = True
      verbose = True
      old_backup_metadata = False
      rollback_callback = frappe.utils.CallbackManager()
  File "apps/frappe/frappe/utils/backups.py", line 626, in new_backup
    odb = BackupGenerator(
      older_than = 6
      ignore_files = True
      backup_path = None
      backup_path_db = None
      backup_path_files = None
      backup_path_private_files = None
      backup_path_conf = None
      ignore_conf = False
      include_doctypes = ''
      exclude_doctypes = ''
      compress = False
      force = True
      verbose = True
      old_backup_metadata = False
      rollback_callback = frappe.utils.CallbackManager()
  File "apps/frappe/frappe/utils/backups.py", line 89, in __init__
    self.setup_backup_tables()
      self = frappe.utils.backups.BackupGenerator(backup_path=None, backup_path_conf=None, backup_path_db=None, backup_path_files=None, backup_path_private_files=None, compress_files=False, db_host='127.0.0.1', db_name='_6f50fd9bd43e311e', db_port=3306, db_socket=None, db_type='mariadb', exclude_doctypes='', ignore_conf=False, include_doctypes='', old_backup_metadata=False, partial=False, password='E761HvvGjonQZzLO', rollback_callback=frappe.utils.CallbackManager(-), site_slug='project1', user='_6f50fd9bd43e311e', verbose=True)
      db_name = '_6f50fd9bd43e311e'
      user = '_6f50fd9bd43e311e'
      password = ********
      backup_path = None
      backup_path_db = None
      backup_path_files = None
      backup_path_private_files = None
      db_socket = None
      db_host = '127.0.0.1'
      db_port = 3306
      db_type = 'mariadb'
      backup_path_conf = None
      ignore_conf = False
      compress_files = False
      include_doctypes = ''
      exclude_doctypes = ''
      verbose = True
      old_backup_metadata = False
      rollback_callback = frappe.utils.CallbackManager()
      site = 'project1'
  File "apps/frappe/frappe/utils/backups.py", line 126, in setup_backup_tables
    self._set_existing_tables()
      self = frappe.utils.backups.BackupGenerator(backup_path=None, backup_path_conf=None, backup_path_db=None, backup_path_files=None, backup_path_private_files=None, compress_files=False, db_host='127.0.0.1', db_name='_6f50fd9bd43e311e', db_port=3306, db_socket=None, db_type='mariadb', exclude_doctypes='', ignore_conf=False, include_doctypes='', old_backup_metadata=False, partial=False, password='E761HvvGjonQZzLO', rollback_callback=frappe.utils.CallbackManager(-), site_slug='project1', user='_6f50fd9bd43e311e', verbose=True)
  File "apps/frappe/frappe/utils/backups.py", line 122, in _set_existing_tables
    self._existing_tables = frappe.db.get_tables()
      self = frappe.utils.backups.BackupGenerator(backup_path=None, backup_path_conf=None, backup_path_db=None, backup_path_files=None, backup_path_private_files=None, compress_files=False, db_host='127.0.0.1', db_name='_6f50fd9bd43e311e', db_port=3306, db_socket=None, db_type='mariadb', exclude_doctypes='', ignore_conf=False, include_doctypes='', old_backup_metadata=False, partial=False, password='E761HvvGjonQZzLO', rollback_callback=frappe.utils.CallbackManager(-), site_slug='project1', user='_6f50fd9bd43e311e', verbose=True)
  File "apps/frappe/frappe/database/mariadb/mysqlclient.py", line 524, in get_tables
    .run(pluck=True)
      self = frappe.database.mariadb.mysqlclient.MariaDBDatabase(after_commit=frappe.utils.CallbackManager(-), after_rollback=frappe.utils.CallbackManager(-), auto_commit_on_many_writes=0, before_commit=frappe.utils.CallbackManager(-), before_rollback=frappe.utils.CallbackManager(-), cur_db_name='_6f50fd9bd43e311e', db_type='mariadb', host='127.0.0.1', logger=<Logger database-project1 (WARNING)>, password='E761HvvGjonQZzLO', port=3306, socket=None, transaction_writes=0, type_map={'Currency': ('decimal', '21,9'), 'Int': ('int', '11'), 'Long Int': ('bigint', '20'), 'Float': ('decimal', '21,9'), 'Percent': ('decimal', '21,9'), 'Check': ('tinyint', '4'), 'Small Text': ('text', ''), 'Long Text': ('longtext...'), 'Color': ('varchar', 140), 'Barcode': ('longtext', ''), 'Geolocation': ('longtext', ''), 'Duration': ('decimal', '21,9'), 'Icon': ('varchar', 140), 'Phone': ('varchar', 140), 'Autocomplete': ('varchar', 140), 'JSON': ('json', '')}, user='_6f50fd9bd43e311e', value_cache=collections.defaultdict{})
      cached = True
      to_query = True
      tables = None
      information_schema = pypika.queries.Schema()
  File "apps/frappe/frappe/query_builder/utils.py", line 131, in execute_query
    result = frappe.local.db.sql(query, params, *args, **kwargs)  # nosemgrep
      query = 'SELECT `table_name` FROM `information_schema`.`tables` WHERE `table_schema`=%(param1)s'
      args = ()
      kwargs = {'pluck': True}
      dt = None
      fields = []
      child_queries = "_child_queries"
      params = {'param1': '_6f50fd9bd43e311e'}
  File "apps/frappe/frappe/database/database.py", line 249, in sql
    self.connect()
      self = frappe.database.mariadb.mysqlclient.MariaDBDatabase(after_commit=frappe.utils.CallbackManager(-), after_rollback=frappe.utils.CallbackManager(-), auto_commit_on_many_writes=0, before_commit=frappe.utils.CallbackManager(-), before_rollback=frappe.utils.CallbackManager(-), cur_db_name='_6f50fd9bd43e311e', db_type='mariadb', host='127.0.0.1', logger=<Logger database-project1 (WARNING)>, password='E761HvvGjonQZzLO', port=3306, socket=None, transaction_writes=0, type_map={'Currency': ('decimal', '21,9'), 'Int': ('int', '11'), 'Long Int': ('bigint', '20'), 'Float': ('decimal', '21,9'), 'Percent': ('decimal', '21,9'), 'Check': ('tinyint', '4'), 'Small Text': ('text', ''), 'Long Text': ('longtext...'), 'Color': ('varchar', 140), 'Barcode': ('longtext', ''), 'Geolocation': ('longtext', ''), 'Duration': ('decimal', '21,9'), 'Icon': ('varchar', 140), 'Phone': ('varchar', 140), 'Autocomplete': ('varchar', 140), 'JSON': ('json', '')}, user='_6f50fd9bd43e311e', value_cache=collections.defaultdict{})
      query = 'SELECT `table_name` FROM `information_schema`.`tables` WHERE `table_schema`=%(param1)s'
      values = {'param1': '_6f50fd9bd43e311e'}
      as_dict = 0
      as_list = 0
      debug = False
      ignore_ddl = 0
      auto_commit = 0
      update = None
      explain = False
      run = True
      pluck = True
      as_iterator = False
      query_type = 'select'
  File "apps/frappe/frappe/database/database.py", line 147, in connect
    self.get_connection()
      self = frappe.database.mariadb.mysqlclient.MariaDBDatabase(after_commit=frappe.utils.CallbackManager(-), after_rollback=frappe.utils.CallbackManager(-), auto_commit_on_many_writes=0, before_commit=frappe.utils.CallbackManager(-), before_rollback=frappe.utils.CallbackManager(-), cur_db_name='_6f50fd9bd43e311e', db_type='mariadb', host='127.0.0.1', logger=<Logger database-project1 (WARNING)>, password='E761HvvGjonQZzLO', port=3306, socket=None, transaction_writes=0, type_map={'Currency': ('decimal', '21,9'), 'Int': ('int', '11'), 'Long Int': ('bigint', '20'), 'Float': ('decimal', '21,9'), 'Percent': ('decimal', '21,9'), 'Check': ('tinyint', '4'), 'Small Text': ('text', ''), 'Long Text': ('longtext...'), 'Color': ('varchar', 140), 'Barcode': ('longtext', ''), 'Geolocation': ('longtext', ''), 'Duration': ('decimal', '21,9'), 'Icon': ('varchar', 140), 'Phone': ('varchar', 140), 'Autocomplete': ('varchar', 140), 'JSON': ('json', '')}, user='_6f50fd9bd43e311e', value_cache=collections.defaultdict{})
  File "apps/frappe/frappe/database/mariadb/mysqlclient.py", line 113, in get_connection
    conn = self._get_connection()
      self = frappe.database.mariadb.mysqlclient.MariaDBDatabase(after_commit=frappe.utils.CallbackManager(-), after_rollback=frappe.utils.CallbackManager(-), auto_commit_on_many_writes=0, before_commit=frappe.utils.CallbackManager(-), before_rollback=frappe.utils.CallbackManager(-), cur_db_name='_6f50fd9bd43e311e', db_type='mariadb', host='127.0.0.1', logger=<Logger database-project1 (WARNING)>, password='E761HvvGjonQZzLO', port=3306, socket=None, transaction_writes=0, type_map={'Currency': ('decimal', '21,9'), 'Int': ('int', '11'), 'Long Int': ('bigint', '20'), 'Float': ('decimal', '21,9'), 'Percent': ('decimal', '21,9'), 'Check': ('tinyint', '4'), 'Small Text': ('text', ''), 'Long Text': ('longtext...'), 'Color': ('varchar', 140), 'Barcode': ('longtext', ''), 'Geolocation': ('longtext', ''), 'Duration': ('decimal', '21,9'), 'Icon': ('varchar', 140), 'Phone': ('varchar', 140), 'Autocomplete': ('varchar', 140), 'JSON': ('json', '')}, user='_6f50fd9bd43e311e', value_cache=collections.defaultdict{})
  File "apps/frappe/frappe/database/mariadb/mysqlclient.py", line 118, in _get_connection
    return self.create_connection()
      self = frappe.database.mariadb.mysqlclient.MariaDBDatabase(after_commit=frappe.utils.CallbackManager(-), after_rollback=frappe.utils.CallbackManager(-), auto_commit_on_many_writes=0, before_commit=frappe.utils.CallbackManager(-), before_rollback=frappe.utils.CallbackManager(-), cur_db_name='_6f50fd9bd43e311e', db_type='mariadb', host='127.0.0.1', logger=<Logger database-project1 (WARNING)>, password='E761HvvGjonQZzLO', port=3306, socket=None, transaction_writes=0, type_map={'Currency': ('decimal', '21,9'), 'Int': ('int', '11'), 'Long Int': ('bigint', '20'), 'Float': ('decimal', '21,9'), 'Percent': ('decimal', '21,9'), 'Check': ('tinyint', '4'), 'Small Text': ('text', ''), 'Long Text': ('longtext...'), 'Color': ('varchar', 140), 'Barcode': ('longtext', ''), 'Geolocation': ('longtext', ''), 'Duration': ('decimal', '21,9'), 'Icon': ('varchar', 140), 'Phone': ('varchar', 140), 'Autocomplete': ('varchar', 140), 'JSON': ('json', '')}, user='_6f50fd9bd43e311e', value_cache=collections.defaultdict{})
  File "apps/frappe/frappe/database/mariadb/mysqlclient.py", line 121, in create_connection
    return MySQLdb.connect(**self.get_connection_settings())
      self = frappe.database.mariadb.mysqlclient.MariaDBDatabase(after_commit=frappe.utils.CallbackManager(-), after_rollback=frappe.utils.CallbackManager(-), auto_commit_on_many_writes=0, before_commit=frappe.utils.CallbackManager(-), before_rollback=frappe.utils.CallbackManager(-), cur_db_name='_6f50fd9bd43e311e', db_type='mariadb', host='127.0.0.1', logger=<Logger database-project1 (WARNING)>, password='E761HvvGjonQZzLO', port=3306, socket=None, transaction_writes=0, type_map={'Currency': ('decimal', '21,9'), 'Int': ('int', '11'), 'Long Int': ('bigint', '20'), 'Float': ('decimal', '21,9'), 'Percent': ('decimal', '21,9'), 'Check': ('tinyint', '4'), 'Small Text': ('text', ''), 'Long Text': ('longtext...'), 'Color': ('varchar', 140), 'Barcode': ('longtext', ''), 'Geolocation': ('longtext', ''), 'Duration': ('decimal', '21,9'), 'Icon': ('varchar', 140), 'Phone': ('varchar', 140), 'Autocomplete': ('varchar', 140), 'JSON': ('json', '')}, user='_6f50fd9bd43e311e', value_cache=collections.defaultdict{})
  File "env/lib/python3.14/site-packages/MySQLdb/__init__.py", line 121, in Connect
    return Connection(*args, **kwargs)
      args = ()
      kwargs = {'user': '_6f50fd9bd43e311e', 'conv': {<class 'int'>: <function Thing2Str at 0x71c1c4fa0eb0>, <class 'float'>: <function Float2Str at 0x71c1c4fa0f60>, <class 'NoneType'>: <function None2NULL at 0x71c1c4fa1010>, <class 'array.array'>: <function array2Str at 0x71c1c4fa1220>, <class 'bool'>: <function Bool2Str at 0x71c1c4fa0ca0>, <class 'datetime.date'>: <function Thing2Literal at 0x71c1c4fa10c0>, <class 'datetime.datetime'>: <function DateTime2literal at 0x71c1c4fa0720>, <class 'datetime.timedelta'>: <function escape_timedelta at 0x71c1c4fa3060>, <class 'set'>: <function Set2Str at 0x71c1c4fa0e00>, <class 'decimal.Decimal'>: <function Decimal2Literal at 0x71c1c4fa1170>, 1: <class 'int'>, 2: <c...t'>: <function escape_dict at 0x71c1c4fa3110>, <class 'frozenset'>: <function escape_frozenset at 0x71c1c4f67ab0>}, 'charset': 'utf8mb4', 'use_unicode': True, 'local_infile': False, 'multi_statements': False, 'database': '_6f50fd9bd43e311e', 'host': '127.0.0.1', 'port': 3306, 'password': '********'}
      Connection = MySQLdb.connections.Connection
  File "env/lib/python3.14/site-packages/MySQLdb/connections.py", line 200, in __init__
    super().__init__(*args, **kwargs2)
      self = <_mysql.connection open to '(null)' at 0x253392a0>
      args = ()
      kwargs = {'user': '_6f50fd9bd43e311e', 'conv': {<class 'int'>: <function Thing2Str at 0x71c1c4fa0eb0>, <class 'float'>: <function Float2Str at 0x71c1c4fa0f60>, <class 'NoneType'>: <function None2NULL at 0x71c1c4fa1010>, <class 'array.array'>: <function array2Str at 0x71c1c4fa1220>, <class 'bool'>: <function Bool2Str at 0x71c1c4fa0ca0>, <class 'datetime.date'>: <function Thing2Literal at 0x71c1c4fa10c0>, <class 'datetime.datetime'>: <function DateTime2literal at 0x71c1c4fa0720>, <class 'datetime.timedelta'>: <function escape_timedelta at 0x71c1c4fa3060>, <class 'set'>: <function Set2Str at 0x71c1c4fa0e00>, <class 'decimal.Decimal'>: <function Decimal2Literal at 0x71c1c4fa1170>, 1: <class 'int'>, 2: <c...t'>: <function escape_dict at 0x71c1c4fa3110>, <class 'frozenset'>: <function escape_frozenset at 0x71c1c4f67ab0>}, 'charset': 'utf8mb4', 'use_unicode': True, 'local_infile': False, 'multi_statements': False, 'database': '_6f50fd9bd43e311e', 'host': '127.0.0.1', 'port': 3306, 'password': '********'}
      CLIENT = <module 'MySQLdb.constants.CLIENT' from 'env/lib/python3.14/site-packages/MySQLdb/constants/CLIENT.py'>
      FIELD_TYPE = <module 'MySQLdb.constants.FIELD_TYPE' from 'env/lib/python3.14/site-packages/MySQLdb/constants/FIELD_TYPE.py'>
      conversions = {<class 'int'>: <function Thing2Str at 0x71c1c4fa0eb0>, <class 'float'>: <function Float2Str at 0x71c1c4fa0f60>, <class 'NoneType'>: <function None2NULL at 0x71c1c4fa1010>, <class 'array.array'>: <function array2Str at 0x71c1c4fa1220>, <class 'bool'>: <function Bool2Str at 0x71c1c4fa0ca0>, <class 'datetime.date'>: <function Thing2Literal at 0x71c1c4fa10c0>, <class 'datetime.datetime'>: <function DateTime2literal at 0x71c1c4fa0720>, <class 'datetime.timedelta'>: <function DateTimeDelta2literal at 0x71c1c4fa07d0>, <class 'set'>: <function Set2Str at 0x71c1c4fa0e00>, <class 'decimal.Decimal'>: <function Decimal2Literal at 0x71c1c4fa1170>, 1: <class 'int'>, 2: <class 'int'>, 3: <class 'int'>, 4:...r_None at 0x71c1c4fa0460>, 11: <function TimeDelta_or_None at 0x71c1c4fa0510>, 10: <function Date_or_None at 0x71c1c4fa0670>, 249: <class 'bytes'>, 250: <class 'bytes'>, 251: <class 'bytes'>, 252: <class 'bytes'>, 254: <class 'bytes'>, 253: <class 'bytes'>, 15: <class 'bytes'>, 245: <class 'bytes'>}
      _bytes_or_str = ((128, bytes), (None, str))
      kwargs2 = {'user': '_6f50fd9bd43e311e', 'conv': {<class 'int'>: <function Thing2Str at 0x71c1c4fa0eb0>, <class 'float'>: <function Float2Str at 0x71c1c4fa0f60>, <class 'NoneType'>: <function None2NULL at 0x71c1c4fa1010>, <class 'array.array'>: <function array2Str at 0x71c1c4fa1220>, <class 'bool'>: <function Bool2Str at 0x71c1c4fa0ca0>, <class 'datetime.date'>: <function Thing2Literal at 0x71c1c4fa10c0>, <class 'datetime.datetime'>: <function DateTime2literal at 0x71c1c4fa0720>, <class 'datetime.timedelta'>: <function escape_timedelta at 0x71c1c4fa3060>, <class 'set'>: <function Set2Str at 0x71c1c4fa0e00>, <class 'decimal.Decimal'>: <function Decimal2Literal at 0x71c1c4fa1170>, 1: <class 'int'>, 2: <c...ass 'bytes'>, <class 'dict'>: <function escape_dict at 0x71c1c4fa3110>, <class 'frozenset'>: <function escape_frozenset at 0x71c1c4f67ab0>}, 'charset': 'utf8mb4', 'local_infile': False, 'database': '_6f50fd9bd43e311e', 'host': '127.0.0.1', 'port': 3306, 'password': '********', 'client_flag': 131072}
      conv = {<class 'int'>: <function Thing2Str at 0x71c1c4fa0eb0>, <class 'float'>: <function Float2Str at 0x71c1c4fa0f60>, <class 'NoneType'>: <function None2NULL at 0x71c1c4fa1010>, <class 'array.array'>: <function array2Str at 0x71c1c4fa1220>, <class 'bool'>: <function Bool2Str at 0x71c1c4fa0ca0>, <class 'datetime.date'>: <function Thing2Literal at 0x71c1c4fa10c0>, <class 'datetime.datetime'>: <function DateTime2literal at 0x71c1c4fa0720>, <class 'datetime.timedelta'>: <function escape_timedelta at 0x71c1c4fa3060>, <class 'set'>: <function Set2Str at 0x71c1c4fa0e00>, <class 'decimal.Decimal'>: <function Decimal2Literal at 0x71c1c4fa1170>, 1: <class 'int'>, 2: <class 'int'>, 3: <class 'int'>, 4: <cla...249: <class 'bytes'>, 250: <class 'bytes'>, 251: <class 'bytes'>, 252: <class 'bytes'>, 254: <class 'bytes'>, 253: <class 'bytes'>, 15: <class 'bytes'>, 245: <class 'bytes'>, <class 'dict'>: <function escape_dict at 0x71c1c4fa3110>, <class 'frozenset'>: <function escape_frozenset at 0x71c1c4f67ab0>}
      conv2 = {<class 'int'>: <function Thing2Str at 0x71c1c4fa0eb0>, <class 'float'>: <function Float2Str at 0x71c1c4fa0f60>, <class 'NoneType'>: <function None2NULL at 0x71c1c4fa1010>, <class 'array.array'>: <function array2Str at 0x71c1c4fa1220>, <class 'bool'>: <function Bool2Str at 0x71c1c4fa0ca0>, <class 'datetime.date'>: <function Thing2Literal at 0x71c1c4fa10c0>, <class 'datetime.datetime'>: <function DateTime2literal at 0x71c1c4fa0720>, <class 'datetime.timedelta'>: <function escape_timedelta at 0x71c1c4fa3060>, <class 'set'>: <function Set2Str at 0x71c1c4fa0e00>, <class 'decimal.Decimal'>: <function Decimal2Literal at 0x71c1c4fa1170>, 1: <class 'int'>, 2: <class 'int'>, 3: <class 'int'>, 4: <cla...249: <class 'bytes'>, 250: <class 'bytes'>, 251: <class 'bytes'>, 252: <class 'bytes'>, 254: <class 'bytes'>, 253: <class 'bytes'>, 15: <class 'bytes'>, 245: <class 'bytes'>, <class 'dict'>: <function escape_dict at 0x71c1c4fa3110>, <class 'frozenset'>: <function escape_frozenset at 0x71c1c4f67ab0>}
      k = frozenset
      v = <function escape_frozenset at 0x71c1c4f67ab0>
      cursorclass = MySQLdb.cursors.Cursor
      charset = 'utf8mb4'
      collation = ''
      use_unicode = True
      sql_mode = ''
      client_flag = 131072
      multi_statements = False
      autocommit = False
      __class__ = MySQLdb.connections.Connection
MySQLdb.OperationalError: (1045, "Access denied for user '_6f50fd9bd43e311e'@'localhost' (using password: YES)")
/bin/sh: 1: /home/thennarasu/bench-cli-env/bin/bench: not found
set -o pipefail; /usr/bin/mariadb-dump --user=_471d97967027c1d4 --host=127.0.0.1 --port=3306 --password=********** --single-transaction --quick --lock-tables=false _471d97967027c1d4 | /usr/bin/gzip >> ./cabs/private/backups/20260805_173001-cabs-database.sql.gz

Backup Summary for cabs at 2026-08-05 17:30:03.013920
Config  : /home/thennarasu/new-bench/sites/cabs/private/backups/20260805_173001-cabs-site_config_backup.json 163.0B
Database: /home/thennarasu/new-bench/sites/cabs/private/backups/20260805_173001-cabs-database.sql.gz 261.6KiB
Backup for Site cabs has been successfully completed
File ./library.local/private/backups/20260804_113003-library_local-site_config_backup.json is older than 23 hours
File ./library.local/private/backups/20260804_113003-library_local-database.sql.gz is older than 23 hours
File ./library.local/private/backups/20260803_173003-library_local-database.sql.gz is older than 23 hours
File ./library.local/private/backups/20260803_173003-library_local-site_config_backup.json is older than 23 hours
set -o pipefail; /usr/bin/mariadb-dump --user=_790e3cbedbf5b420 --host=127.0.0.1 --port=3306 --password=********** --single-transaction --quick --lock-tables=false _790e3cbedbf5b420 | /usr/bin/gzip >> ./library.local/private/backups/20260805_173003-library_local-database.sql.gz

Backup Summary for library.local at 2026-08-05 17:30:04.526645
Config  : /home/thennarasu/new-bench/sites/library.local/private/backups/20260805_173003-library_local-site_config_backup.json 294.0B
Database: /home/thennarasu/new-bench/sites/library.local/private/backups/20260805_173003-library_local-database.sql.gz 4.4MiB
Backup for Site library.local has been successfully completed
File ./mysite.local/private/backups/20260803_173004-mysite_local-database.sql.gz is older than 23 hours
File ./mysite.local/private/backups/20260804_113004-mysite_local-site_config_backup.json is older than 23 hours
File ./mysite.local/private/backups/20260803_173004-mysite_local-site_config_backup.json is older than 23 hours
File ./mysite.local/private/backups/20260804_113004-mysite_local-database.sql.gz is older than 23 hours
set -o pipefail; /usr/bin/mariadb-dump --user=_1f3a7ccb229053db --host=127.0.0.1 --port=3306 --password=********** --single-transaction --quick --lock-tables=false _1f3a7ccb229053db | /usr/bin/gzip >> ./mysite.local/private/backups/20260805_173004-mysite_local-database.sql.gz

Backup Summary for mysite.local at 2026-08-05 17:30:05.656111
Config  : /home/thennarasu/new-bench/sites/mysite.local/private/backups/20260805_173004-mysite_local-site_config_backup.json 200.0B
Database: /home/thennarasu/new-bench/sites/mysite.local/private/backups/20260805_173004-mysite_local-database.sql.gz 270.6KiB
Backup for Site mysite.local has been successfully completed
File ./project/private/backups/20260804_113005-project-site_config_backup.json is older than 23 hours
File ./project/private/backups/20260803_173005-project-database.sql.gz is older than 23 hours
File ./project/private/backups/20260804_113005-project-database.sql.gz is older than 23 hours
File ./project/private/backups/20260803_173005-project-site_config_backup.json is older than 23 hours
set -o pipefail; /usr/bin/mariadb-dump --user=_e3de23dabe070975 --host=127.0.0.1 --port=3306 --password=********** --single-transaction --quick --lock-tables=false _e3de23dabe070975 | /usr/bin/gzip >> ./project/private/backups/20260805_173005-project-database.sql.gz

Backup Summary for project at 2026-08-05 17:30:06.648113
Config  : /home/thennarasu/new-bench/sites/project/private/backups/20260805_173005-project-site_config_backup.json 221.0B
Database: /home/thennarasu/new-bench/sites/project/private/backups/20260805_173005-project-database.sql.gz 295.4KiB
Backup for Site project has been successfully completed
Backup failed for Site project1. Database or site_config.json may be corrupted
Traceback with variables (most recent call last):
  File "apps/frappe/frappe/commands/site.py", line 881, in backup
    odb = scheduled_backup(
      context = CliCtxObj(force=False, profile=False, sites=['cabs', 'library.local', 'mysite.local', 'project', 'project1'], verbose=True)
      with_files = False
      backup_path = None
      backup_path_db = None
      backup_path_files = None
      backup_path_private_files = None
      backup_path_conf = None
      ignore_backup_conf = False
      verbose = True
      compress = False
      include = ''
      exclude = ''
      old_backup_metadata = False
      scheduled_backup = <function scheduled_backup at 0x7068e2d36980>
      exit_code = 0
      rollback_callback = None
      site = 'project1'
      odb = frappe.utils.backups.BackupGenerator(backup_excludes=[], backup_includes=[], backup_path=None, backup_path_conf='./project/private/backups/20260805_173005-project-site_config_backup.json', backup_path_db='./project/private/backups/20260805_173005-project-database.sql.gz', backup_path_files='./project/private/backups/20260805_173005-project-files.tar', backup_path_private_files='./project/private/backups/20260805_173005-project-private-files.tar', compress_files=False, db_host='127.0.0.1', db_name='_e3de23dabe070975', db_port=3306, db_socket=None, db_type='mariadb', exclude_doctypes='', ignore_conf=False, include_doctypes='', old_backup_metadata=False, partial=[], password='ZoAg2AGlD9iZ5FXr', rollback_callback=frappe.utils.CallbackManager(-), site_slug='project', todays_date='20260805_173005', user='_e3de23dabe070975', verbose=True)
  File "apps/frappe/frappe/utils/backups.py", line 589, in scheduled_backup
    return new_backup(
      older_than = 6
      ignore_files = True
      backup_path = None
      backup_path_db = None
      backup_path_files = None
      backup_path_private_files = None
      backup_path_conf = None
      ignore_conf = False
      include_doctypes = ''
      exclude_doctypes = ''
      compress = False
      force = True
      verbose = True
      old_backup_metadata = False
      rollback_callback = frappe.utils.CallbackManager()
  File "apps/frappe/frappe/utils/backups.py", line 626, in new_backup
    odb = BackupGenerator(
      older_than = 6
      ignore_files = True
      backup_path = None
      backup_path_db = None
      backup_path_files = None
      backup_path_private_files = None
      backup_path_conf = None
      ignore_conf = False
      include_doctypes = ''
      exclude_doctypes = ''
      compress = False
      force = True
      verbose = True
      old_backup_metadata = False
      rollback_callback = frappe.utils.CallbackManager()
  File "apps/frappe/frappe/utils/backups.py", line 89, in __init__
    self.setup_backup_tables()
      self = frappe.utils.backups.BackupGenerator(backup_path=None, backup_path_conf=None, backup_path_db=None, backup_path_files=None, backup_path_private_files=None, compress_files=False, db_host='127.0.0.1', db_name='_6f50fd9bd43e311e', db_port=3306, db_socket=None, db_type='mariadb', exclude_doctypes='', ignore_conf=False, include_doctypes='', old_backup_metadata=False, partial=False, password='E761HvvGjonQZzLO', rollback_callback=frappe.utils.CallbackManager(-), site_slug='project1', user='_6f50fd9bd43e311e', verbose=True)
      db_name = '_6f50fd9bd43e311e'
      user = '_6f50fd9bd43e311e'
      password = ********
      backup_path = None
      backup_path_db = None
      backup_path_files = None
      backup_path_private_files = None
      db_socket = None
      db_host = '127.0.0.1'
      db_port = 3306
      db_type = 'mariadb'
      backup_path_conf = None
      ignore_conf = False
      compress_files = False
      include_doctypes = ''
      exclude_doctypes = ''
      verbose = True
      old_backup_metadata = False
      rollback_callback = frappe.utils.CallbackManager()
      site = 'project1'
  File "apps/frappe/frappe/utils/backups.py", line 126, in setup_backup_tables
    self._set_existing_tables()
      self = frappe.utils.backups.BackupGenerator(backup_path=None, backup_path_conf=None, backup_path_db=None, backup_path_files=None, backup_path_private_files=None, compress_files=False, db_host='127.0.0.1', db_name='_6f50fd9bd43e311e', db_port=3306, db_socket=None, db_type='mariadb', exclude_doctypes='', ignore_conf=False, include_doctypes='', old_backup_metadata=False, partial=False, password='E761HvvGjonQZzLO', rollback_callback=frappe.utils.CallbackManager(-), site_slug='project1', user='_6f50fd9bd43e311e', verbose=True)
  File "apps/frappe/frappe/utils/backups.py", line 122, in _set_existing_tables
    self._existing_tables = frappe.db.get_tables()
      self = frappe.utils.backups.BackupGenerator(backup_path=None, backup_path_conf=None, backup_path_db=None, backup_path_files=None, backup_path_private_files=None, compress_files=False, db_host='127.0.0.1', db_name='_6f50fd9bd43e311e', db_port=3306, db_socket=None, db_type='mariadb', exclude_doctypes='', ignore_conf=False, include_doctypes='', old_backup_metadata=False, partial=False, password='E761HvvGjonQZzLO', rollback_callback=frappe.utils.CallbackManager(-), site_slug='project1', user='_6f50fd9bd43e311e', verbose=True)
  File "apps/frappe/frappe/database/mariadb/mysqlclient.py", line 524, in get_tables
    .run(pluck=True)
      self = frappe.database.mariadb.mysqlclient.MariaDBDatabase(after_commit=frappe.utils.CallbackManager(-), after_rollback=frappe.utils.CallbackManager(-), auto_commit_on_many_writes=0, before_commit=frappe.utils.CallbackManager(-), before_rollback=frappe.utils.CallbackManager(-), cur_db_name='_6f50fd9bd43e311e', db_type='mariadb', host='127.0.0.1', logger=<Logger database-project1 (WARNING)>, password='E761HvvGjonQZzLO', port=3306, socket=None, transaction_writes=0, type_map={'Currency': ('decimal', '21,9'), 'Int': ('int', '11'), 'Long Int': ('bigint', '20'), 'Float': ('decimal', '21,9'), 'Percent': ('decimal', '21,9'), 'Check': ('tinyint', '4'), 'Small Text': ('text', ''), 'Long Text': ('longtext...'), 'Color': ('varchar', 140), 'Barcode': ('longtext', ''), 'Geolocation': ('longtext', ''), 'Duration': ('decimal', '21,9'), 'Icon': ('varchar', 140), 'Phone': ('varchar', 140), 'Autocomplete': ('varchar', 140), 'JSON': ('json', '')}, user='_6f50fd9bd43e311e', value_cache=collections.defaultdict{})
      cached = True
      to_query = True
      tables = None
      information_schema = pypika.queries.Schema()
  File "apps/frappe/frappe/query_builder/utils.py", line 131, in execute_query
    result = frappe.local.db.sql(query, params, *args, **kwargs)  # nosemgrep
      query = 'SELECT `table_name` FROM `information_schema`.`tables` WHERE `table_schema`=%(param1)s'
      args = ()
      kwargs = {'pluck': True}
      dt = None
      fields = []
      child_queries = "_child_queries"
      params = {'param1': '_6f50fd9bd43e311e'}
  File "apps/frappe/frappe/database/database.py", line 249, in sql
    self.connect()
      self = frappe.database.mariadb.mysqlclient.MariaDBDatabase(after_commit=frappe.utils.CallbackManager(-), after_rollback=frappe.utils.CallbackManager(-), auto_commit_on_many_writes=0, before_commit=frappe.utils.CallbackManager(-), before_rollback=frappe.utils.CallbackManager(-), cur_db_name='_6f50fd9bd43e311e', db_type='mariadb', host='127.0.0.1', logger=<Logger database-project1 (WARNING)>, password='E761HvvGjonQZzLO', port=3306, socket=None, transaction_writes=0, type_map={'Currency': ('decimal', '21,9'), 'Int': ('int', '11'), 'Long Int': ('bigint', '20'), 'Float': ('decimal', '21,9'), 'Percent': ('decimal', '21,9'), 'Check': ('tinyint', '4'), 'Small Text': ('text', ''), 'Long Text': ('longtext...'), 'Color': ('varchar', 140), 'Barcode': ('longtext', ''), 'Geolocation': ('longtext', ''), 'Duration': ('decimal', '21,9'), 'Icon': ('varchar', 140), 'Phone': ('varchar', 140), 'Autocomplete': ('varchar', 140), 'JSON': ('json', '')}, user='_6f50fd9bd43e311e', value_cache=collections.defaultdict{})
      query = 'SELECT `table_name` FROM `information_schema`.`tables` WHERE `table_schema`=%(param1)s'
      values = {'param1': '_6f50fd9bd43e311e'}
      as_dict = 0
      as_list = 0
      debug = False
      ignore_ddl = 0
      auto_commit = 0
      update = None
      explain = False
      run = True
      pluck = True
      as_iterator = False
      query_type = 'select'
  File "apps/frappe/frappe/database/database.py", line 147, in connect
    self.get_connection()
      self = frappe.database.mariadb.mysqlclient.MariaDBDatabase(after_commit=frappe.utils.CallbackManager(-), after_rollback=frappe.utils.CallbackManager(-), auto_commit_on_many_writes=0, before_commit=frappe.utils.CallbackManager(-), before_rollback=frappe.utils.CallbackManager(-), cur_db_name='_6f50fd9bd43e311e', db_type='mariadb', host='127.0.0.1', logger=<Logger database-project1 (WARNING)>, password='E761HvvGjonQZzLO', port=3306, socket=None, transaction_writes=0, type_map={'Currency': ('decimal', '21,9'), 'Int': ('int', '11'), 'Long Int': ('bigint', '20'), 'Float': ('decimal', '21,9'), 'Percent': ('decimal', '21,9'), 'Check': ('tinyint', '4'), 'Small Text': ('text', ''), 'Long Text': ('longtext...'), 'Color': ('varchar', 140), 'Barcode': ('longtext', ''), 'Geolocation': ('longtext', ''), 'Duration': ('decimal', '21,9'), 'Icon': ('varchar', 140), 'Phone': ('varchar', 140), 'Autocomplete': ('varchar', 140), 'JSON': ('json', '')}, user='_6f50fd9bd43e311e', value_cache=collections.defaultdict{})
  File "apps/frappe/frappe/database/mariadb/mysqlclient.py", line 113, in get_connection
    conn = self._get_connection()
      self = frappe.database.mariadb.mysqlclient.MariaDBDatabase(after_commit=frappe.utils.CallbackManager(-), after_rollback=frappe.utils.CallbackManager(-), auto_commit_on_many_writes=0, before_commit=frappe.utils.CallbackManager(-), before_rollback=frappe.utils.CallbackManager(-), cur_db_name='_6f50fd9bd43e311e', db_type='mariadb', host='127.0.0.1', logger=<Logger database-project1 (WARNING)>, password='E761HvvGjonQZzLO', port=3306, socket=None, transaction_writes=0, type_map={'Currency': ('decimal', '21,9'), 'Int': ('int', '11'), 'Long Int': ('bigint', '20'), 'Float': ('decimal', '21,9'), 'Percent': ('decimal', '21,9'), 'Check': ('tinyint', '4'), 'Small Text': ('text', ''), 'Long Text': ('longtext...'), 'Color': ('varchar', 140), 'Barcode': ('longtext', ''), 'Geolocation': ('longtext', ''), 'Duration': ('decimal', '21,9'), 'Icon': ('varchar', 140), 'Phone': ('varchar', 140), 'Autocomplete': ('varchar', 140), 'JSON': ('json', '')}, user='_6f50fd9bd43e311e', value_cache=collections.defaultdict{})
  File "apps/frappe/frappe/database/mariadb/mysqlclient.py", line 118, in _get_connection
    return self.create_connection()
      self = frappe.database.mariadb.mysqlclient.MariaDBDatabase(after_commit=frappe.utils.CallbackManager(-), after_rollback=frappe.utils.CallbackManager(-), auto_commit_on_many_writes=0, before_commit=frappe.utils.CallbackManager(-), before_rollback=frappe.utils.CallbackManager(-), cur_db_name='_6f50fd9bd43e311e', db_type='mariadb', host='127.0.0.1', logger=<Logger database-project1 (WARNING)>, password='E761HvvGjonQZzLO', port=3306, socket=None, transaction_writes=0, type_map={'Currency': ('decimal', '21,9'), 'Int': ('int', '11'), 'Long Int': ('bigint', '20'), 'Float': ('decimal', '21,9'), 'Percent': ('decimal', '21,9'), 'Check': ('tinyint', '4'), 'Small Text': ('text', ''), 'Long Text': ('longtext...'), 'Color': ('varchar', 140), 'Barcode': ('longtext', ''), 'Geolocation': ('longtext', ''), 'Duration': ('decimal', '21,9'), 'Icon': ('varchar', 140), 'Phone': ('varchar', 140), 'Autocomplete': ('varchar', 140), 'JSON': ('json', '')}, user='_6f50fd9bd43e311e', value_cache=collections.defaultdict{})
  File "apps/frappe/frappe/database/mariadb/mysqlclient.py", line 121, in create_connection
    return MySQLdb.connect(**self.get_connection_settings())
      self = frappe.database.mariadb.mysqlclient.MariaDBDatabase(after_commit=frappe.utils.CallbackManager(-), after_rollback=frappe.utils.CallbackManager(-), auto_commit_on_many_writes=0, before_commit=frappe.utils.CallbackManager(-), before_rollback=frappe.utils.CallbackManager(-), cur_db_name='_6f50fd9bd43e311e', db_type='mariadb', host='127.0.0.1', logger=<Logger database-project1 (WARNING)>, password='E761HvvGjonQZzLO', port=3306, socket=None, transaction_writes=0, type_map={'Currency': ('decimal', '21,9'), 'Int': ('int', '11'), 'Long Int': ('bigint', '20'), 'Float': ('decimal', '21,9'), 'Percent': ('decimal', '21,9'), 'Check': ('tinyint', '4'), 'Small Text': ('text', ''), 'Long Text': ('longtext...'), 'Color': ('varchar', 140), 'Barcode': ('longtext', ''), 'Geolocation': ('longtext', ''), 'Duration': ('decimal', '21,9'), 'Icon': ('varchar', 140), 'Phone': ('varchar', 140), 'Autocomplete': ('varchar', 140), 'JSON': ('json', '')}, user='_6f50fd9bd43e311e', value_cache=collections.defaultdict{})
  File "env/lib/python3.14/site-packages/MySQLdb/__init__.py", line 121, in Connect
    return Connection(*args, **kwargs)
      args = ()
      kwargs = {'user': '_6f50fd9bd43e311e', 'conv': {<class 'int'>: <function Thing2Str at 0x7068e1e70eb0>, <class 'float'>: <function Float2Str at 0x7068e1e70f60>, <class 'NoneType'>: <function None2NULL at 0x7068e1e71010>, <class 'array.array'>: <function array2Str at 0x7068e1e71220>, <class 'bool'>: <function Bool2Str at 0x7068e1e70ca0>, <class 'datetime.date'>: <function Thing2Literal at 0x7068e1e710c0>, <class 'datetime.datetime'>: <function DateTime2literal at 0x7068e1e70720>, <class 'datetime.timedelta'>: <function escape_timedelta at 0x7068e1e73060>, <class 'set'>: <function Set2Str at 0x7068e1e70e00>, <class 'decimal.Decimal'>: <function Decimal2Literal at 0x7068e1e71170>, 1: <class 'int'>, 2: <c...t'>: <function escape_dict at 0x7068e1e73110>, <class 'frozenset'>: <function escape_frozenset at 0x7068e1e37ab0>}, 'charset': 'utf8mb4', 'use_unicode': True, 'local_infile': False, 'multi_statements': False, 'database': '_6f50fd9bd43e311e', 'host': '127.0.0.1', 'port': 3306, 'password': '********'}
      Connection = MySQLdb.connections.Connection
  File "env/lib/python3.14/site-packages/MySQLdb/connections.py", line 200, in __init__
    super().__init__(*args, **kwargs2)
      self = <_mysql.connection open to '(null)' at 0x34ca9800>
      args = ()
      kwargs = {'user': '_6f50fd9bd43e311e', 'conv': {<class 'int'>: <function Thing2Str at 0x7068e1e70eb0>, <class 'float'>: <function Float2Str at 0x7068e1e70f60>, <class 'NoneType'>: <function None2NULL at 0x7068e1e71010>, <class 'array.array'>: <function array2Str at 0x7068e1e71220>, <class 'bool'>: <function Bool2Str at 0x7068e1e70ca0>, <class 'datetime.date'>: <function Thing2Literal at 0x7068e1e710c0>, <class 'datetime.datetime'>: <function DateTime2literal at 0x7068e1e70720>, <class 'datetime.timedelta'>: <function escape_timedelta at 0x7068e1e73060>, <class 'set'>: <function Set2Str at 0x7068e1e70e00>, <class 'decimal.Decimal'>: <function Decimal2Literal at 0x7068e1e71170>, 1: <class 'int'>, 2: <c...t'>: <function escape_dict at 0x7068e1e73110>, <class 'frozenset'>: <function escape_frozenset at 0x7068e1e37ab0>}, 'charset': 'utf8mb4', 'use_unicode': True, 'local_infile': False, 'multi_statements': False, 'database': '_6f50fd9bd43e311e', 'host': '127.0.0.1', 'port': 3306, 'password': '********'}
      CLIENT = <module 'MySQLdb.constants.CLIENT' from 'env/lib/python3.14/site-packages/MySQLdb/constants/CLIENT.py'>
      FIELD_TYPE = <module 'MySQLdb.constants.FIELD_TYPE' from 'env/lib/python3.14/site-packages/MySQLdb/constants/FIELD_TYPE.py'>
      conversions = {<class 'int'>: <function Thing2Str at 0x7068e1e70eb0>, <class 'float'>: <function Float2Str at 0x7068e1e70f60>, <class 'NoneType'>: <function None2NULL at 0x7068e1e71010>, <class 'array.array'>: <function array2Str at 0x7068e1e71220>, <class 'bool'>: <function Bool2Str at 0x7068e1e70ca0>, <class 'datetime.date'>: <function Thing2Literal at 0x7068e1e710c0>, <class 'datetime.datetime'>: <function DateTime2literal at 0x7068e1e70720>, <class 'datetime.timedelta'>: <function DateTimeDelta2literal at 0x7068e1e707d0>, <class 'set'>: <function Set2Str at 0x7068e1e70e00>, <class 'decimal.Decimal'>: <function Decimal2Literal at 0x7068e1e71170>, 1: <class 'int'>, 2: <class 'int'>, 3: <class 'int'>, 4:...r_None at 0x7068e1e70460>, 11: <function TimeDelta_or_None at 0x7068e1e70510>, 10: <function Date_or_None at 0x7068e1e70670>, 249: <class 'bytes'>, 250: <class 'bytes'>, 251: <class 'bytes'>, 252: <class 'bytes'>, 254: <class 'bytes'>, 253: <class 'bytes'>, 15: <class 'bytes'>, 245: <class 'bytes'>}
      _bytes_or_str = ((128, bytes), (None, str))
      kwargs2 = {'user': '_6f50fd9bd43e311e', 'conv': {<class 'int'>: <function Thing2Str at 0x7068e1e70eb0>, <class 'float'>: <function Float2Str at 0x7068e1e70f60>, <class 'NoneType'>: <function None2NULL at 0x7068e1e71010>, <class 'array.array'>: <function array2Str at 0x7068e1e71220>, <class 'bool'>: <function Bool2Str at 0x7068e1e70ca0>, <class 'datetime.date'>: <function Thing2Literal at 0x7068e1e710c0>, <class 'datetime.datetime'>: <function DateTime2literal at 0x7068e1e70720>, <class 'datetime.timedelta'>: <function escape_timedelta at 0x7068e1e73060>, <class 'set'>: <function Set2Str at 0x7068e1e70e00>, <class 'decimal.Decimal'>: <function Decimal2Literal at 0x7068e1e71170>, 1: <class 'int'>, 2: <c...ass 'bytes'>, <class 'dict'>: <function escape_dict at 0x7068e1e73110>, <class 'frozenset'>: <function escape_frozenset at 0x7068e1e37ab0>}, 'charset': 'utf8mb4', 'local_infile': False, 'database': '_6f50fd9bd43e311e', 'host': '127.0.0.1', 'port': 3306, 'password': '********', 'client_flag': 131072}
      conv = {<class 'int'>: <function Thing2Str at 0x7068e1e70eb0>, <class 'float'>: <function Float2Str at 0x7068e1e70f60>, <class 'NoneType'>: <function None2NULL at 0x7068e1e71010>, <class 'array.array'>: <function array2Str at 0x7068e1e71220>, <class 'bool'>: <function Bool2Str at 0x7068e1e70ca0>, <class 'datetime.date'>: <function Thing2Literal at 0x7068e1e710c0>, <class 'datetime.datetime'>: <function DateTime2literal at 0x7068e1e70720>, <class 'datetime.timedelta'>: <function escape_timedelta at 0x7068e1e73060>, <class 'set'>: <function Set2Str at 0x7068e1e70e00>, <class 'decimal.Decimal'>: <function Decimal2Literal at 0x7068e1e71170>, 1: <class 'int'>, 2: <class 'int'>, 3: <class 'int'>, 4: <cla...249: <class 'bytes'>, 250: <class 'bytes'>, 251: <class 'bytes'>, 252: <class 'bytes'>, 254: <class 'bytes'>, 253: <class 'bytes'>, 15: <class 'bytes'>, 245: <class 'bytes'>, <class 'dict'>: <function escape_dict at 0x7068e1e73110>, <class 'frozenset'>: <function escape_frozenset at 0x7068e1e37ab0>}
      conv2 = {<class 'int'>: <function Thing2Str at 0x7068e1e70eb0>, <class 'float'>: <function Float2Str at 0x7068e1e70f60>, <class 'NoneType'>: <function None2NULL at 0x7068e1e71010>, <class 'array.array'>: <function array2Str at 0x7068e1e71220>, <class 'bool'>: <function Bool2Str at 0x7068e1e70ca0>, <class 'datetime.date'>: <function Thing2Literal at 0x7068e1e710c0>, <class 'datetime.datetime'>: <function DateTime2literal at 0x7068e1e70720>, <class 'datetime.timedelta'>: <function escape_timedelta at 0x7068e1e73060>, <class 'set'>: <function Set2Str at 0x7068e1e70e00>, <class 'decimal.Decimal'>: <function Decimal2Literal at 0x7068e1e71170>, 1: <class 'int'>, 2: <class 'int'>, 3: <class 'int'>, 4: <cla...249: <class 'bytes'>, 250: <class 'bytes'>, 251: <class 'bytes'>, 252: <class 'bytes'>, 254: <class 'bytes'>, 253: <class 'bytes'>, 15: <class 'bytes'>, 245: <class 'bytes'>, <class 'dict'>: <function escape_dict at 0x7068e1e73110>, <class 'frozenset'>: <function escape_frozenset at 0x7068e1e37ab0>}
      k = frozenset
      v = <function escape_frozenset at 0x7068e1e37ab0>
      cursorclass = MySQLdb.cursors.Cursor
      charset = 'utf8mb4'
      collation = ''
      use_unicode = True
      sql_mode = ''
      client_flag = 131072
      multi_statements = False
      autocommit = False
      __class__ = MySQLdb.connections.Connection
MySQLdb.OperationalError: (1045, "Access denied for user '_6f50fd9bd43e311e'@'localhost' (using password: YES)")
/bin/sh: 1: /home/thennarasu/bench-cli-env/bin/bench: not found
set -o pipefail; /usr/bin/mariadb-dump --user=_471d97967027c1d4 --host=127.0.0.1 --port=3306 --password=********** --single-transaction --quick --lock-tables=false _471d97967027c1d4 | /usr/bin/gzip >> ./cabs/private/backups/20260806_113001-cabs-database.sql.gz

Backup Summary for cabs at 2026-08-06 11:30:02.412507
Config  : /home/thennarasu/new-bench/sites/cabs/private/backups/20260806_113001-cabs-site_config_backup.json 163.0B
Database: /home/thennarasu/new-bench/sites/cabs/private/backups/20260806_113001-cabs-database.sql.gz 261.0KiB
Backup for Site cabs has been successfully completed
File ./library.local/private/backups/20260805_173003-library_local-database.sql.gz is recent
File ./library.local/private/backups/20260805_173003-library_local-site_config_backup.json is recent
set -o pipefail; /usr/bin/mariadb-dump --user=_790e3cbedbf5b420 --host=127.0.0.1 --port=3306 --password=********** --single-transaction --quick --lock-tables=false _790e3cbedbf5b420 | /usr/bin/gzip >> ./library.local/private/backups/20260806_113002-library_local-database.sql.gz

Backup Summary for library.local at 2026-08-06 11:30:03.181475
Config  : /home/thennarasu/new-bench/sites/library.local/private/backups/20260806_113002-library_local-site_config_backup.json 294.0B
Database: /home/thennarasu/new-bench/sites/library.local/private/backups/20260806_113002-library_local-database.sql.gz 4.3MiB
Backup for Site library.local has been successfully completed
File ./mysite.local/private/backups/20260805_173004-mysite_local-site_config_backup.json is recent
File ./mysite.local/private/backups/20260805_173004-mysite_local-database.sql.gz is recent
set -o pipefail; /usr/bin/mariadb-dump --user=_1f3a7ccb229053db --host=127.0.0.1 --port=3306 --password=********** --single-transaction --quick --lock-tables=false _1f3a7ccb229053db | /usr/bin/gzip >> ./mysite.local/private/backups/20260806_113003-mysite_local-database.sql.gz

Backup Summary for mysite.local at 2026-08-06 11:30:03.692907
Config  : /home/thennarasu/new-bench/sites/mysite.local/private/backups/20260806_113003-mysite_local-site_config_backup.json 200.0B
Database: /home/thennarasu/new-bench/sites/mysite.local/private/backups/20260806_113003-mysite_local-database.sql.gz 269.6KiB
Backup for Site mysite.local has been successfully completed
File ./project/private/backups/20260805_173005-project-database.sql.gz is recent
File ./project/private/backups/20260805_173005-project-site_config_backup.json is recent
set -o pipefail; /usr/bin/mariadb-dump --user=_e3de23dabe070975 --host=127.0.0.1 --port=3306 --password=********** --single-transaction --quick --lock-tables=false _e3de23dabe070975 | /usr/bin/gzip >> ./project/private/backups/20260806_113003-project-database.sql.gz

Backup Summary for project at 2026-08-06 11:30:04.223188
Config  : /home/thennarasu/new-bench/sites/project/private/backups/20260806_113003-project-site_config_backup.json 221.0B
Database: /home/thennarasu/new-bench/sites/project/private/backups/20260806_113003-project-database.sql.gz 294.6KiB
Backup for Site project has been successfully completed
Backup failed for Site project1. Database or site_config.json may be corrupted
Traceback with variables (most recent call last):
  File "apps/frappe/frappe/commands/site.py", line 881, in backup
    odb = scheduled_backup(
      context = CliCtxObj(force=False, profile=False, sites=['cabs', 'library.local', 'mysite.local', 'project', 'project1'], verbose=True)
      with_files = False
      backup_path = None
      backup_path_db = None
      backup_path_files = None
      backup_path_private_files = None
      backup_path_conf = None
      ignore_backup_conf = False
      verbose = True
      compress = False
      include = ''
      exclude = ''
      old_backup_metadata = False
      scheduled_backup = <function scheduled_backup at 0x72c53c4ea980>
      exit_code = 0
      rollback_callback = None
      site = 'project1'
      odb = frappe.utils.backups.BackupGenerator(backup_excludes=[], backup_includes=[], backup_path=None, backup_path_conf='./project/private/backups/20260806_113003-project-site_config_backup.json', backup_path_db='./project/private/backups/20260806_113003-project-database.sql.gz', backup_path_files='./project/private/backups/20260806_113003-project-files.tar', backup_path_private_files='./project/private/backups/20260806_113003-project-private-files.tar', compress_files=False, db_host='127.0.0.1', db_name='_e3de23dabe070975', db_port=3306, db_socket=None, db_type='mariadb', exclude_doctypes='', ignore_conf=False, include_doctypes='', old_backup_metadata=False, partial=[], password='ZoAg2AGlD9iZ5FXr', rollback_callback=frappe.utils.CallbackManager(-), site_slug='project', todays_date='20260806_113003', user='_e3de23dabe070975', verbose=True)
  File "apps/frappe/frappe/utils/backups.py", line 589, in scheduled_backup
    return new_backup(
      older_than = 6
      ignore_files = True
      backup_path = None
      backup_path_db = None
      backup_path_files = None
      backup_path_private_files = None
      backup_path_conf = None
      ignore_conf = False
      include_doctypes = ''
      exclude_doctypes = ''
      compress = False
      force = True
      verbose = True
      old_backup_metadata = False
      rollback_callback = frappe.utils.CallbackManager()
  File "apps/frappe/frappe/utils/backups.py", line 626, in new_backup
    odb = BackupGenerator(
      older_than = 6
      ignore_files = True
      backup_path = None
      backup_path_db = None
      backup_path_files = None
      backup_path_private_files = None
      backup_path_conf = None
      ignore_conf = False
      include_doctypes = ''
      exclude_doctypes = ''
      compress = False
      force = True
      verbose = True
      old_backup_metadata = False
      rollback_callback = frappe.utils.CallbackManager()
  File "apps/frappe/frappe/utils/backups.py", line 89, in __init__
    self.setup_backup_tables()
      self = frappe.utils.backups.BackupGenerator(backup_path=None, backup_path_conf=None, backup_path_db=None, backup_path_files=None, backup_path_private_files=None, compress_files=False, db_host='127.0.0.1', db_name='_6f50fd9bd43e311e', db_port=3306, db_socket=None, db_type='mariadb', exclude_doctypes='', ignore_conf=False, include_doctypes='', old_backup_metadata=False, partial=False, password='E761HvvGjonQZzLO', rollback_callback=frappe.utils.CallbackManager(-), site_slug='project1', user='_6f50fd9bd43e311e', verbose=True)
      db_name = '_6f50fd9bd43e311e'
      user = '_6f50fd9bd43e311e'
      password = ********
      backup_path = None
      backup_path_db = None
      backup_path_files = None
      backup_path_private_files = None
      db_socket = None
      db_host = '127.0.0.1'
      db_port = 3306
      db_type = 'mariadb'
      backup_path_conf = None
      ignore_conf = False
      compress_files = False
      include_doctypes = ''
      exclude_doctypes = ''
      verbose = True
      old_backup_metadata = False
      rollback_callback = frappe.utils.CallbackManager()
      site = 'project1'
  File "apps/frappe/frappe/utils/backups.py", line 126, in setup_backup_tables
    self._set_existing_tables()
      self = frappe.utils.backups.BackupGenerator(backup_path=None, backup_path_conf=None, backup_path_db=None, backup_path_files=None, backup_path_private_files=None, compress_files=False, db_host='127.0.0.1', db_name='_6f50fd9bd43e311e', db_port=3306, db_socket=None, db_type='mariadb', exclude_doctypes='', ignore_conf=False, include_doctypes='', old_backup_metadata=False, partial=False, password='E761HvvGjonQZzLO', rollback_callback=frappe.utils.CallbackManager(-), site_slug='project1', user='_6f50fd9bd43e311e', verbose=True)
  File "apps/frappe/frappe/utils/backups.py", line 122, in _set_existing_tables
    self._existing_tables = frappe.db.get_tables()
      self = frappe.utils.backups.BackupGenerator(backup_path=None, backup_path_conf=None, backup_path_db=None, backup_path_files=None, backup_path_private_files=None, compress_files=False, db_host='127.0.0.1', db_name='_6f50fd9bd43e311e', db_port=3306, db_socket=None, db_type='mariadb', exclude_doctypes='', ignore_conf=False, include_doctypes='', old_backup_metadata=False, partial=False, password='E761HvvGjonQZzLO', rollback_callback=frappe.utils.CallbackManager(-), site_slug='project1', user='_6f50fd9bd43e311e', verbose=True)
  File "apps/frappe/frappe/database/mariadb/mysqlclient.py", line 524, in get_tables
    .run(pluck=True)
      self = frappe.database.mariadb.mysqlclient.MariaDBDatabase(after_commit=frappe.utils.CallbackManager(-), after_rollback=frappe.utils.CallbackManager(-), auto_commit_on_many_writes=0, before_commit=frappe.utils.CallbackManager(-), before_rollback=frappe.utils.CallbackManager(-), cur_db_name='_6f50fd9bd43e311e', db_type='mariadb', host='127.0.0.1', logger=<Logger database-project1 (WARNING)>, password='E761HvvGjonQZzLO', port=3306, socket=None, transaction_writes=0, type_map={'Currency': ('decimal', '21,9'), 'Int': ('int', '11'), 'Long Int': ('bigint', '20'), 'Float': ('decimal', '21,9'), 'Percent': ('decimal', '21,9'), 'Check': ('tinyint', '4'), 'Small Text': ('text', ''), 'Long Text': ('longtext...'), 'Color': ('varchar', 140), 'Barcode': ('longtext', ''), 'Geolocation': ('longtext', ''), 'Duration': ('decimal', '21,9'), 'Icon': ('varchar', 140), 'Phone': ('varchar', 140), 'Autocomplete': ('varchar', 140), 'JSON': ('json', '')}, user='_6f50fd9bd43e311e', value_cache=collections.defaultdict{})
      cached = True
      to_query = True
      tables = None
      information_schema = pypika.queries.Schema()
  File "apps/frappe/frappe/query_builder/utils.py", line 131, in execute_query
    result = frappe.local.db.sql(query, params, *args, **kwargs)  # nosemgrep
      query = 'SELECT `table_name` FROM `information_schema`.`tables` WHERE `table_schema`=%(param1)s'
      args = ()
      kwargs = {'pluck': True}
      dt = None
      fields = []
      child_queries = "_child_queries"
      params = {'param1': '_6f50fd9bd43e311e'}
  File "apps/frappe/frappe/database/database.py", line 249, in sql
    self.connect()
      self = frappe.database.mariadb.mysqlclient.MariaDBDatabase(after_commit=frappe.utils.CallbackManager(-), after_rollback=frappe.utils.CallbackManager(-), auto_commit_on_many_writes=0, before_commit=frappe.utils.CallbackManager(-), before_rollback=frappe.utils.CallbackManager(-), cur_db_name='_6f50fd9bd43e311e', db_type='mariadb', host='127.0.0.1', logger=<Logger database-project1 (WARNING)>, password='E761HvvGjonQZzLO', port=3306, socket=None, transaction_writes=0, type_map={'Currency': ('decimal', '21,9'), 'Int': ('int', '11'), 'Long Int': ('bigint', '20'), 'Float': ('decimal', '21,9'), 'Percent': ('decimal', '21,9'), 'Check': ('tinyint', '4'), 'Small Text': ('text', ''), 'Long Text': ('longtext...'), 'Color': ('varchar', 140), 'Barcode': ('longtext', ''), 'Geolocation': ('longtext', ''), 'Duration': ('decimal', '21,9'), 'Icon': ('varchar', 140), 'Phone': ('varchar', 140), 'Autocomplete': ('varchar', 140), 'JSON': ('json', '')}, user='_6f50fd9bd43e311e', value_cache=collections.defaultdict{})
      query = 'SELECT `table_name` FROM `information_schema`.`tables` WHERE `table_schema`=%(param1)s'
      values = {'param1': '_6f50fd9bd43e311e'}
      as_dict = 0
      as_list = 0
      debug = False
      ignore_ddl = 0
      auto_commit = 0
      update = None
      explain = False
      run = True
      pluck = True
      as_iterator = False
      query_type = 'select'
  File "apps/frappe/frappe/database/database.py", line 147, in connect
    self.get_connection()
      self = frappe.database.mariadb.mysqlclient.MariaDBDatabase(after_commit=frappe.utils.CallbackManager(-), after_rollback=frappe.utils.CallbackManager(-), auto_commit_on_many_writes=0, before_commit=frappe.utils.CallbackManager(-), before_rollback=frappe.utils.CallbackManager(-), cur_db_name='_6f50fd9bd43e311e', db_type='mariadb', host='127.0.0.1', logger=<Logger database-project1 (WARNING)>, password='E761HvvGjonQZzLO', port=3306, socket=None, transaction_writes=0, type_map={'Currency': ('decimal', '21,9'), 'Int': ('int', '11'), 'Long Int': ('bigint', '20'), 'Float': ('decimal', '21,9'), 'Percent': ('decimal', '21,9'), 'Check': ('tinyint', '4'), 'Small Text': ('text', ''), 'Long Text': ('longtext...'), 'Color': ('varchar', 140), 'Barcode': ('longtext', ''), 'Geolocation': ('longtext', ''), 'Duration': ('decimal', '21,9'), 'Icon': ('varchar', 140), 'Phone': ('varchar', 140), 'Autocomplete': ('varchar', 140), 'JSON': ('json', '')}, user='_6f50fd9bd43e311e', value_cache=collections.defaultdict{})
  File "apps/frappe/frappe/database/mariadb/mysqlclient.py", line 113, in get_connection
    conn = self._get_connection()
      self = frappe.database.mariadb.mysqlclient.MariaDBDatabase(after_commit=frappe.utils.CallbackManager(-), after_rollback=frappe.utils.CallbackManager(-), auto_commit_on_many_writes=0, before_commit=frappe.utils.CallbackManager(-), before_rollback=frappe.utils.CallbackManager(-), cur_db_name='_6f50fd9bd43e311e', db_type='mariadb', host='127.0.0.1', logger=<Logger database-project1 (WARNING)>, password='E761HvvGjonQZzLO', port=3306, socket=None, transaction_writes=0, type_map={'Currency': ('decimal', '21,9'), 'Int': ('int', '11'), 'Long Int': ('bigint', '20'), 'Float': ('decimal', '21,9'), 'Percent': ('decimal', '21,9'), 'Check': ('tinyint', '4'), 'Small Text': ('text', ''), 'Long Text': ('longtext...'), 'Color': ('varchar', 140), 'Barcode': ('longtext', ''), 'Geolocation': ('longtext', ''), 'Duration': ('decimal', '21,9'), 'Icon': ('varchar', 140), 'Phone': ('varchar', 140), 'Autocomplete': ('varchar', 140), 'JSON': ('json', '')}, user='_6f50fd9bd43e311e', value_cache=collections.defaultdict{})
  File "apps/frappe/frappe/database/mariadb/mysqlclient.py", line 118, in _get_connection
    return self.create_connection()
      self = frappe.database.mariadb.mysqlclient.MariaDBDatabase(after_commit=frappe.utils.CallbackManager(-), after_rollback=frappe.utils.CallbackManager(-), auto_commit_on_many_writes=0, before_commit=frappe.utils.CallbackManager(-), before_rollback=frappe.utils.CallbackManager(-), cur_db_name='_6f50fd9bd43e311e', db_type='mariadb', host='127.0.0.1', logger=<Logger database-project1 (WARNING)>, password='E761HvvGjonQZzLO', port=3306, socket=None, transaction_writes=0, type_map={'Currency': ('decimal', '21,9'), 'Int': ('int', '11'), 'Long Int': ('bigint', '20'), 'Float': ('decimal', '21,9'), 'Percent': ('decimal', '21,9'), 'Check': ('tinyint', '4'), 'Small Text': ('text', ''), 'Long Text': ('longtext...'), 'Color': ('varchar', 140), 'Barcode': ('longtext', ''), 'Geolocation': ('longtext', ''), 'Duration': ('decimal', '21,9'), 'Icon': ('varchar', 140), 'Phone': ('varchar', 140), 'Autocomplete': ('varchar', 140), 'JSON': ('json', '')}, user='_6f50fd9bd43e311e', value_cache=collections.defaultdict{})
  File "apps/frappe/frappe/database/mariadb/mysqlclient.py", line 121, in create_connection
    return MySQLdb.connect(**self.get_connection_settings())
      self = frappe.database.mariadb.mysqlclient.MariaDBDatabase(after_commit=frappe.utils.CallbackManager(-), after_rollback=frappe.utils.CallbackManager(-), auto_commit_on_many_writes=0, before_commit=frappe.utils.CallbackManager(-), before_rollback=frappe.utils.CallbackManager(-), cur_db_name='_6f50fd9bd43e311e', db_type='mariadb', host='127.0.0.1', logger=<Logger database-project1 (WARNING)>, password='E761HvvGjonQZzLO', port=3306, socket=None, transaction_writes=0, type_map={'Currency': ('decimal', '21,9'), 'Int': ('int', '11'), 'Long Int': ('bigint', '20'), 'Float': ('decimal', '21,9'), 'Percent': ('decimal', '21,9'), 'Check': ('tinyint', '4'), 'Small Text': ('text', ''), 'Long Text': ('longtext...'), 'Color': ('varchar', 140), 'Barcode': ('longtext', ''), 'Geolocation': ('longtext', ''), 'Duration': ('decimal', '21,9'), 'Icon': ('varchar', 140), 'Phone': ('varchar', 140), 'Autocomplete': ('varchar', 140), 'JSON': ('json', '')}, user='_6f50fd9bd43e311e', value_cache=collections.defaultdict{})
  File "env/lib/python3.14/site-packages/MySQLdb/__init__.py", line 121, in Connect
    return Connection(*args, **kwargs)
      args = ()
      kwargs = {'user': '_6f50fd9bd43e311e', 'conv': {<class 'int'>: <function Thing2Str at 0x72c53b698eb0>, <class 'float'>: <function Float2Str at 0x72c53b698f60>, <class 'NoneType'>: <function None2NULL at 0x72c53b699010>, <class 'array.array'>: <function array2Str at 0x72c53b699220>, <class 'bool'>: <function Bool2Str at 0x72c53b698ca0>, <class 'datetime.date'>: <function Thing2Literal at 0x72c53b6990c0>, <class 'datetime.datetime'>: <function DateTime2literal at 0x72c53b698720>, <class 'datetime.timedelta'>: <function escape_timedelta at 0x72c53b69b060>, <class 'set'>: <function Set2Str at 0x72c53b698e00>, <class 'decimal.Decimal'>: <function Decimal2Literal at 0x72c53b699170>, 1: <class 'int'>, 2: <c...t'>: <function escape_dict at 0x72c53b69b110>, <class 'frozenset'>: <function escape_frozenset at 0x72c53b65fab0>}, 'charset': 'utf8mb4', 'use_unicode': True, 'local_infile': False, 'multi_statements': False, 'database': '_6f50fd9bd43e311e', 'host': '127.0.0.1', 'port': 3306, 'password': '********'}
      Connection = MySQLdb.connections.Connection
  File "env/lib/python3.14/site-packages/MySQLdb/connections.py", line 200, in __init__
    super().__init__(*args, **kwargs2)
      self = <_mysql.connection open to '(null)' at 0x206c13f0>
      args = ()
      kwargs = {'user': '_6f50fd9bd43e311e', 'conv': {<class 'int'>: <function Thing2Str at 0x72c53b698eb0>, <class 'float'>: <function Float2Str at 0x72c53b698f60>, <class 'NoneType'>: <function None2NULL at 0x72c53b699010>, <class 'array.array'>: <function array2Str at 0x72c53b699220>, <class 'bool'>: <function Bool2Str at 0x72c53b698ca0>, <class 'datetime.date'>: <function Thing2Literal at 0x72c53b6990c0>, <class 'datetime.datetime'>: <function DateTime2literal at 0x72c53b698720>, <class 'datetime.timedelta'>: <function escape_timedelta at 0x72c53b69b060>, <class 'set'>: <function Set2Str at 0x72c53b698e00>, <class 'decimal.Decimal'>: <function Decimal2Literal at 0x72c53b699170>, 1: <class 'int'>, 2: <c...t'>: <function escape_dict at 0x72c53b69b110>, <class 'frozenset'>: <function escape_frozenset at 0x72c53b65fab0>}, 'charset': 'utf8mb4', 'use_unicode': True, 'local_infile': False, 'multi_statements': False, 'database': '_6f50fd9bd43e311e', 'host': '127.0.0.1', 'port': 3306, 'password': '********'}
      CLIENT = <module 'MySQLdb.constants.CLIENT' from 'env/lib/python3.14/site-packages/MySQLdb/constants/CLIENT.py'>
      FIELD_TYPE = <module 'MySQLdb.constants.FIELD_TYPE' from 'env/lib/python3.14/site-packages/MySQLdb/constants/FIELD_TYPE.py'>
      conversions = {<class 'int'>: <function Thing2Str at 0x72c53b698eb0>, <class 'float'>: <function Float2Str at 0x72c53b698f60>, <class 'NoneType'>: <function None2NULL at 0x72c53b699010>, <class 'array.array'>: <function array2Str at 0x72c53b699220>, <class 'bool'>: <function Bool2Str at 0x72c53b698ca0>, <class 'datetime.date'>: <function Thing2Literal at 0x72c53b6990c0>, <class 'datetime.datetime'>: <function DateTime2literal at 0x72c53b698720>, <class 'datetime.timedelta'>: <function DateTimeDelta2literal at 0x72c53b6987d0>, <class 'set'>: <function Set2Str at 0x72c53b698e00>, <class 'decimal.Decimal'>: <function Decimal2Literal at 0x72c53b699170>, 1: <class 'int'>, 2: <class 'int'>, 3: <class 'int'>, 4:...r_None at 0x72c53b698460>, 11: <function TimeDelta_or_None at 0x72c53b698510>, 10: <function Date_or_None at 0x72c53b698670>, 249: <class 'bytes'>, 250: <class 'bytes'>, 251: <class 'bytes'>, 252: <class 'bytes'>, 254: <class 'bytes'>, 253: <class 'bytes'>, 15: <class 'bytes'>, 245: <class 'bytes'>}
      _bytes_or_str = ((128, bytes), (None, str))
      kwargs2 = {'user': '_6f50fd9bd43e311e', 'conv': {<class 'int'>: <function Thing2Str at 0x72c53b698eb0>, <class 'float'>: <function Float2Str at 0x72c53b698f60>, <class 'NoneType'>: <function None2NULL at 0x72c53b699010>, <class 'array.array'>: <function array2Str at 0x72c53b699220>, <class 'bool'>: <function Bool2Str at 0x72c53b698ca0>, <class 'datetime.date'>: <function Thing2Literal at 0x72c53b6990c0>, <class 'datetime.datetime'>: <function DateTime2literal at 0x72c53b698720>, <class 'datetime.timedelta'>: <function escape_timedelta at 0x72c53b69b060>, <class 'set'>: <function Set2Str at 0x72c53b698e00>, <class 'decimal.Decimal'>: <function Decimal2Literal at 0x72c53b699170>, 1: <class 'int'>, 2: <c...ass 'bytes'>, <class 'dict'>: <function escape_dict at 0x72c53b69b110>, <class 'frozenset'>: <function escape_frozenset at 0x72c53b65fab0>}, 'charset': 'utf8mb4', 'local_infile': False, 'database': '_6f50fd9bd43e311e', 'host': '127.0.0.1', 'port': 3306, 'password': '********', 'client_flag': 131072}
      conv = {<class 'int'>: <function Thing2Str at 0x72c53b698eb0>, <class 'float'>: <function Float2Str at 0x72c53b698f60>, <class 'NoneType'>: <function None2NULL at 0x72c53b699010>, <class 'array.array'>: <function array2Str at 0x72c53b699220>, <class 'bool'>: <function Bool2Str at 0x72c53b698ca0>, <class 'datetime.date'>: <function Thing2Literal at 0x72c53b6990c0>, <class 'datetime.datetime'>: <function DateTime2literal at 0x72c53b698720>, <class 'datetime.timedelta'>: <function escape_timedelta at 0x72c53b69b060>, <class 'set'>: <function Set2Str at 0x72c53b698e00>, <class 'decimal.Decimal'>: <function Decimal2Literal at 0x72c53b699170>, 1: <class 'int'>, 2: <class 'int'>, 3: <class 'int'>, 4: <cla...249: <class 'bytes'>, 250: <class 'bytes'>, 251: <class 'bytes'>, 252: <class 'bytes'>, 254: <class 'bytes'>, 253: <class 'bytes'>, 15: <class 'bytes'>, 245: <class 'bytes'>, <class 'dict'>: <function escape_dict at 0x72c53b69b110>, <class 'frozenset'>: <function escape_frozenset at 0x72c53b65fab0>}
      conv2 = {<class 'int'>: <function Thing2Str at 0x72c53b698eb0>, <class 'float'>: <function Float2Str at 0x72c53b698f60>, <class 'NoneType'>: <function None2NULL at 0x72c53b699010>, <class 'array.array'>: <function array2Str at 0x72c53b699220>, <class 'bool'>: <function Bool2Str at 0x72c53b698ca0>, <class 'datetime.date'>: <function Thing2Literal at 0x72c53b6990c0>, <class 'datetime.datetime'>: <function DateTime2literal at 0x72c53b698720>, <class 'datetime.timedelta'>: <function escape_timedelta at 0x72c53b69b060>, <class 'set'>: <function Set2Str at 0x72c53b698e00>, <class 'decimal.Decimal'>: <function Decimal2Literal at 0x72c53b699170>, 1: <class 'int'>, 2: <class 'int'>, 3: <class 'int'>, 4: <cla...249: <class 'bytes'>, 250: <class 'bytes'>, 251: <class 'bytes'>, 252: <class 'bytes'>, 254: <class 'bytes'>, 253: <class 'bytes'>, 15: <class 'bytes'>, 245: <class 'bytes'>, <class 'dict'>: <function escape_dict at 0x72c53b69b110>, <class 'frozenset'>: <function escape_frozenset at 0x72c53b65fab0>}
      k = frozenset
      v = <function escape_frozenset at 0x72c53b65fab0>
      cursorclass = MySQLdb.cursors.Cursor
      charset = 'utf8mb4'
      collation = ''
      use_unicode = True
      sql_mode = ''
      client_flag = 131072
      multi_statements = False
      autocommit = False
      __class__ = MySQLdb.connections.Connection
MySQLdb.OperationalError: (1045, "Access denied for user '_6f50fd9bd43e311e'@'localhost' (using password: YES)")
/bin/sh: 1: /home/thennarasu/bench-cli-env/bin/bench: not found
set -o pipefail; /usr/bin/mariadb-dump --user=_471d97967027c1d4 --host=127.0.0.1 --port=3306 --password=********** --single-transaction --quick --lock-tables=false _471d97967027c1d4 | /usr/bin/gzip >> ./cabs/private/backups/20260807_113002-cabs-database.sql.gz

Backup Summary for cabs at 2026-08-07 11:30:03.939738
Config  : /home/thennarasu/new-bench/sites/cabs/private/backups/20260807_113002-cabs-site_config_backup.json 163.0B
Database: /home/thennarasu/new-bench/sites/cabs/private/backups/20260807_113002-cabs-database.sql.gz 260.8KiB
Backup for Site cabs has been successfully completed
File ./library.local/private/backups/20260805_173003-library_local-database.sql.gz is older than 23 hours
File ./library.local/private/backups/20260805_173003-library_local-site_config_backup.json is older than 23 hours
File ./library.local/private/backups/20260806_113002-library_local-site_config_backup.json is older than 23 hours
File ./library.local/private/backups/20260806_113002-library_local-database.sql.gz is older than 23 hours
set -o pipefail; /usr/bin/mariadb-dump --user=_790e3cbedbf5b420 --host=127.0.0.1 --port=3306 --password=********** --single-transaction --quick --lock-tables=false _790e3cbedbf5b420 | /usr/bin/gzip >> ./library.local/private/backups/20260807_113003-library_local-database.sql.gz

Backup Summary for library.local at 2026-08-07 11:30:05.279404
Config  : /home/thennarasu/new-bench/sites/library.local/private/backups/20260807_113003-library_local-site_config_backup.json 294.0B
Database: /home/thennarasu/new-bench/sites/library.local/private/backups/20260807_113003-library_local-database.sql.gz 4.3MiB
Backup for Site library.local has been successfully completed
File ./mysite.local/private/backups/20260806_113003-mysite_local-database.sql.gz is older than 23 hours
File ./mysite.local/private/backups/20260805_173004-mysite_local-site_config_backup.json is older than 23 hours
File ./mysite.local/private/backups/20260806_113003-mysite_local-site_config_backup.json is older than 23 hours
File ./mysite.local/private/backups/20260805_173004-mysite_local-database.sql.gz is older than 23 hours
set -o pipefail; /usr/bin/mariadb-dump --user=_1f3a7ccb229053db --host=127.0.0.1 --port=3306 --password=********** --single-transaction --quick --lock-tables=false _1f3a7ccb229053db | /usr/bin/gzip >> ./mysite.local/private/backups/20260807_113005-mysite_local-database.sql.gz

Backup Summary for mysite.local at 2026-08-07 11:30:06.409982
Config  : /home/thennarasu/new-bench/sites/mysite.local/private/backups/20260807_113005-mysite_local-site_config_backup.json 200.0B
Database: /home/thennarasu/new-bench/sites/mysite.local/private/backups/20260807_113005-mysite_local-database.sql.gz 269.3KiB
Backup for Site mysite.local has been successfully completed
File ./project/private/backups/20260805_173005-project-database.sql.gz is older than 23 hours
File ./project/private/backups/20260805_173005-project-site_config_backup.json is older than 23 hours
File ./project/private/backups/20260806_113003-project-site_config_backup.json is older than 23 hours
File ./project/private/backups/20260806_113003-project-database.sql.gz is older than 23 hours
set -o pipefail; /usr/bin/mariadb-dump --user=_e3de23dabe070975 --host=127.0.0.1 --port=3306 --password=********** --single-transaction --quick --lock-tables=false _e3de23dabe070975 | /usr/bin/gzip >> ./project/private/backups/20260807_113006-project-database.sql.gz

Backup Summary for project at 2026-08-07 11:30:07.553527
Config  : /home/thennarasu/new-bench/sites/project/private/backups/20260807_113006-project-site_config_backup.json 221.0B
Database: /home/thennarasu/new-bench/sites/project/private/backups/20260807_113006-project-database.sql.gz 286.9KiB
Backup for Site project has been successfully completed
Backup failed for Site project1. Database or site_config.json may be corrupted
Traceback with variables (most recent call last):
  File "apps/frappe/frappe/commands/site.py", line 881, in backup
    odb = scheduled_backup(
      context = CliCtxObj(force=False, profile=False, sites=['cabs', 'library.local', 'mysite.local', 'project', 'project1'], verbose=True)
      with_files = False
      backup_path = None
      backup_path_db = None
      backup_path_files = None
      backup_path_private_files = None
      backup_path_conf = None
      ignore_backup_conf = False
      verbose = True
      compress = False
      include = ''
      exclude = ''
      old_backup_metadata = False
      scheduled_backup = <function scheduled_backup at 0x741070b16980>
      exit_code = 0
      rollback_callback = None
      site = 'project1'
      odb = frappe.utils.backups.BackupGenerator(backup_excludes=[], backup_includes=[], backup_path=None, backup_path_conf='./project/private/backups/20260807_113006-project-site_config_backup.json', backup_path_db='./project/private/backups/20260807_113006-project-database.sql.gz', backup_path_files='./project/private/backups/20260807_113006-project-files.tar', backup_path_private_files='./project/private/backups/20260807_113006-project-private-files.tar', compress_files=False, db_host='127.0.0.1', db_name='_e3de23dabe070975', db_port=3306, db_socket=None, db_type='mariadb', exclude_doctypes='', ignore_conf=False, include_doctypes='', old_backup_metadata=False, partial=[], password='ZoAg2AGlD9iZ5FXr', rollback_callback=frappe.utils.CallbackManager(-), site_slug='project', todays_date='20260807_113006', user='_e3de23dabe070975', verbose=True)
  File "apps/frappe/frappe/utils/backups.py", line 589, in scheduled_backup
    return new_backup(
      older_than = 6
      ignore_files = True
      backup_path = None
      backup_path_db = None
      backup_path_files = None
      backup_path_private_files = None
      backup_path_conf = None
      ignore_conf = False
      include_doctypes = ''
      exclude_doctypes = ''
      compress = False
      force = True
      verbose = True
      old_backup_metadata = False
      rollback_callback = frappe.utils.CallbackManager()
  File "apps/frappe/frappe/utils/backups.py", line 626, in new_backup
    odb = BackupGenerator(
      older_than = 6
      ignore_files = True
      backup_path = None
      backup_path_db = None
      backup_path_files = None
      backup_path_private_files = None
      backup_path_conf = None
      ignore_conf = False
      include_doctypes = ''
      exclude_doctypes = ''
      compress = False
      force = True
      verbose = True
      old_backup_metadata = False
      rollback_callback = frappe.utils.CallbackManager()
  File "apps/frappe/frappe/utils/backups.py", line 89, in __init__
    self.setup_backup_tables()
      self = frappe.utils.backups.BackupGenerator(backup_path=None, backup_path_conf=None, backup_path_db=None, backup_path_files=None, backup_path_private_files=None, compress_files=False, db_host='127.0.0.1', db_name='_6f50fd9bd43e311e', db_port=3306, db_socket=None, db_type='mariadb', exclude_doctypes='', ignore_conf=False, include_doctypes='', old_backup_metadata=False, partial=False, password='E761HvvGjonQZzLO', rollback_callback=frappe.utils.CallbackManager(-), site_slug='project1', user='_6f50fd9bd43e311e', verbose=True)
      db_name = '_6f50fd9bd43e311e'
      user = '_6f50fd9bd43e311e'
      password = ********
      backup_path = None
      backup_path_db = None
      backup_path_files = None
      backup_path_private_files = None
      db_socket = None
      db_host = '127.0.0.1'
      db_port = 3306
      db_type = 'mariadb'
      backup_path_conf = None
      ignore_conf = False
      compress_files = False
      include_doctypes = ''
      exclude_doctypes = ''
      verbose = True
      old_backup_metadata = False
      rollback_callback = frappe.utils.CallbackManager()
      site = 'project1'
  File "apps/frappe/frappe/utils/backups.py", line 126, in setup_backup_tables
    self._set_existing_tables()
      self = frappe.utils.backups.BackupGenerator(backup_path=None, backup_path_conf=None, backup_path_db=None, backup_path_files=None, backup_path_private_files=None, compress_files=False, db_host='127.0.0.1', db_name='_6f50fd9bd43e311e', db_port=3306, db_socket=None, db_type='mariadb', exclude_doctypes='', ignore_conf=False, include_doctypes='', old_backup_metadata=False, partial=False, password='E761HvvGjonQZzLO', rollback_callback=frappe.utils.CallbackManager(-), site_slug='project1', user='_6f50fd9bd43e311e', verbose=True)
  File "apps/frappe/frappe/utils/backups.py", line 122, in _set_existing_tables
    self._existing_tables = frappe.db.get_tables()
      self = frappe.utils.backups.BackupGenerator(backup_path=None, backup_path_conf=None, backup_path_db=None, backup_path_files=None, backup_path_private_files=None, compress_files=False, db_host='127.0.0.1', db_name='_6f50fd9bd43e311e', db_port=3306, db_socket=None, db_type='mariadb', exclude_doctypes='', ignore_conf=False, include_doctypes='', old_backup_metadata=False, partial=False, password='E761HvvGjonQZzLO', rollback_callback=frappe.utils.CallbackManager(-), site_slug='project1', user='_6f50fd9bd43e311e', verbose=True)
  File "apps/frappe/frappe/database/mariadb/mysqlclient.py", line 524, in get_tables
    .run(pluck=True)
      self = frappe.database.mariadb.mysqlclient.MariaDBDatabase(after_commit=frappe.utils.CallbackManager(-), after_rollback=frappe.utils.CallbackManager(-), auto_commit_on_many_writes=0, before_commit=frappe.utils.CallbackManager(-), before_rollback=frappe.utils.CallbackManager(-), cur_db_name='_6f50fd9bd43e311e', db_type='mariadb', host='127.0.0.1', logger=<Logger database-project1 (WARNING)>, password='E761HvvGjonQZzLO', port=3306, socket=None, transaction_writes=0, type_map={'Currency': ('decimal', '21,9'), 'Int': ('int', '11'), 'Long Int': ('bigint', '20'), 'Float': ('decimal', '21,9'), 'Percent': ('decimal', '21,9'), 'Check': ('tinyint', '4'), 'Small Text': ('text', ''), 'Long Text': ('longtext...'), 'Color': ('varchar', 140), 'Barcode': ('longtext', ''), 'Geolocation': ('longtext', ''), 'Duration': ('decimal', '21,9'), 'Icon': ('varchar', 140), 'Phone': ('varchar', 140), 'Autocomplete': ('varchar', 140), 'JSON': ('json', '')}, user='_6f50fd9bd43e311e', value_cache=collections.defaultdict{})
      cached = True
      to_query = True
      tables = None
      information_schema = pypika.queries.Schema()
  File "apps/frappe/frappe/query_builder/utils.py", line 131, in execute_query
    result = frappe.local.db.sql(query, params, *args, **kwargs)  # nosemgrep
      query = 'SELECT `table_name` FROM `information_schema`.`tables` WHERE `table_schema`=%(param1)s'
      args = ()
      kwargs = {'pluck': True}
      dt = None
      fields = []
      child_queries = "_child_queries"
      params = {'param1': '_6f50fd9bd43e311e'}
  File "apps/frappe/frappe/database/database.py", line 249, in sql
    self.connect()
      self = frappe.database.mariadb.mysqlclient.MariaDBDatabase(after_commit=frappe.utils.CallbackManager(-), after_rollback=frappe.utils.CallbackManager(-), auto_commit_on_many_writes=0, before_commit=frappe.utils.CallbackManager(-), before_rollback=frappe.utils.CallbackManager(-), cur_db_name='_6f50fd9bd43e311e', db_type='mariadb', host='127.0.0.1', logger=<Logger database-project1 (WARNING)>, password='E761HvvGjonQZzLO', port=3306, socket=None, transaction_writes=0, type_map={'Currency': ('decimal', '21,9'), 'Int': ('int', '11'), 'Long Int': ('bigint', '20'), 'Float': ('decimal', '21,9'), 'Percent': ('decimal', '21,9'), 'Check': ('tinyint', '4'), 'Small Text': ('text', ''), 'Long Text': ('longtext...'), 'Color': ('varchar', 140), 'Barcode': ('longtext', ''), 'Geolocation': ('longtext', ''), 'Duration': ('decimal', '21,9'), 'Icon': ('varchar', 140), 'Phone': ('varchar', 140), 'Autocomplete': ('varchar', 140), 'JSON': ('json', '')}, user='_6f50fd9bd43e311e', value_cache=collections.defaultdict{})
      query = 'SELECT `table_name` FROM `information_schema`.`tables` WHERE `table_schema`=%(param1)s'
      values = {'param1': '_6f50fd9bd43e311e'}
      as_dict = 0
      as_list = 0
      debug = False
      ignore_ddl = 0
      auto_commit = 0
      update = None
      explain = False
      run = True
      pluck = True
      as_iterator = False
      query_type = 'select'
  File "apps/frappe/frappe/database/database.py", line 147, in connect
    self.get_connection()
      self = frappe.database.mariadb.mysqlclient.MariaDBDatabase(after_commit=frappe.utils.CallbackManager(-), after_rollback=frappe.utils.CallbackManager(-), auto_commit_on_many_writes=0, before_commit=frappe.utils.CallbackManager(-), before_rollback=frappe.utils.CallbackManager(-), cur_db_name='_6f50fd9bd43e311e', db_type='mariadb', host='127.0.0.1', logger=<Logger database-project1 (WARNING)>, password='E761HvvGjonQZzLO', port=3306, socket=None, transaction_writes=0, type_map={'Currency': ('decimal', '21,9'), 'Int': ('int', '11'), 'Long Int': ('bigint', '20'), 'Float': ('decimal', '21,9'), 'Percent': ('decimal', '21,9'), 'Check': ('tinyint', '4'), 'Small Text': ('text', ''), 'Long Text': ('longtext...'), 'Color': ('varchar', 140), 'Barcode': ('longtext', ''), 'Geolocation': ('longtext', ''), 'Duration': ('decimal', '21,9'), 'Icon': ('varchar', 140), 'Phone': ('varchar', 140), 'Autocomplete': ('varchar', 140), 'JSON': ('json', '')}, user='_6f50fd9bd43e311e', value_cache=collections.defaultdict{})
  File "apps/frappe/frappe/database/mariadb/mysqlclient.py", line 113, in get_connection
    conn = self._get_connection()
      self = frappe.database.mariadb.mysqlclient.MariaDBDatabase(after_commit=frappe.utils.CallbackManager(-), after_rollback=frappe.utils.CallbackManager(-), auto_commit_on_many_writes=0, before_commit=frappe.utils.CallbackManager(-), before_rollback=frappe.utils.CallbackManager(-), cur_db_name='_6f50fd9bd43e311e', db_type='mariadb', host='127.0.0.1', logger=<Logger database-project1 (WARNING)>, password='E761HvvGjonQZzLO', port=3306, socket=None, transaction_writes=0, type_map={'Currency': ('decimal', '21,9'), 'Int': ('int', '11'), 'Long Int': ('bigint', '20'), 'Float': ('decimal', '21,9'), 'Percent': ('decimal', '21,9'), 'Check': ('tinyint', '4'), 'Small Text': ('text', ''), 'Long Text': ('longtext...'), 'Color': ('varchar', 140), 'Barcode': ('longtext', ''), 'Geolocation': ('longtext', ''), 'Duration': ('decimal', '21,9'), 'Icon': ('varchar', 140), 'Phone': ('varchar', 140), 'Autocomplete': ('varchar', 140), 'JSON': ('json', '')}, user='_6f50fd9bd43e311e', value_cache=collections.defaultdict{})
  File "apps/frappe/frappe/database/mariadb/mysqlclient.py", line 118, in _get_connection
    return self.create_connection()
      self = frappe.database.mariadb.mysqlclient.MariaDBDatabase(after_commit=frappe.utils.CallbackManager(-), after_rollback=frappe.utils.CallbackManager(-), auto_commit_on_many_writes=0, before_commit=frappe.utils.CallbackManager(-), before_rollback=frappe.utils.CallbackManager(-), cur_db_name='_6f50fd9bd43e311e', db_type='mariadb', host='127.0.0.1', logger=<Logger database-project1 (WARNING)>, password='E761HvvGjonQZzLO', port=3306, socket=None, transaction_writes=0, type_map={'Currency': ('decimal', '21,9'), 'Int': ('int', '11'), 'Long Int': ('bigint', '20'), 'Float': ('decimal', '21,9'), 'Percent': ('decimal', '21,9'), 'Check': ('tinyint', '4'), 'Small Text': ('text', ''), 'Long Text': ('longtext...'), 'Color': ('varchar', 140), 'Barcode': ('longtext', ''), 'Geolocation': ('longtext', ''), 'Duration': ('decimal', '21,9'), 'Icon': ('varchar', 140), 'Phone': ('varchar', 140), 'Autocomplete': ('varchar', 140), 'JSON': ('json', '')}, user='_6f50fd9bd43e311e', value_cache=collections.defaultdict{})
  File "apps/frappe/frappe/database/mariadb/mysqlclient.py", line 121, in create_connection
    return MySQLdb.connect(**self.get_connection_settings())
      self = frappe.database.mariadb.mysqlclient.MariaDBDatabase(after_commit=frappe.utils.CallbackManager(-), after_rollback=frappe.utils.CallbackManager(-), auto_commit_on_many_writes=0, before_commit=frappe.utils.CallbackManager(-), before_rollback=frappe.utils.CallbackManager(-), cur_db_name='_6f50fd9bd43e311e', db_type='mariadb', host='127.0.0.1', logger=<Logger database-project1 (WARNING)>, password='E761HvvGjonQZzLO', port=3306, socket=None, transaction_writes=0, type_map={'Currency': ('decimal', '21,9'), 'Int': ('int', '11'), 'Long Int': ('bigint', '20'), 'Float': ('decimal', '21,9'), 'Percent': ('decimal', '21,9'), 'Check': ('tinyint', '4'), 'Small Text': ('text', ''), 'Long Text': ('longtext...'), 'Color': ('varchar', 140), 'Barcode': ('longtext', ''), 'Geolocation': ('longtext', ''), 'Duration': ('decimal', '21,9'), 'Icon': ('varchar', 140), 'Phone': ('varchar', 140), 'Autocomplete': ('varchar', 140), 'JSON': ('json', '')}, user='_6f50fd9bd43e311e', value_cache=collections.defaultdict{})
  File "env/lib/python3.14/site-packages/MySQLdb/__init__.py", line 121, in Connect
    return Connection(*args, **kwargs)
      args = ()
      kwargs = {'user': '_6f50fd9bd43e311e', 'conv': {<class 'int'>: <function Thing2Str at 0x74106fc88eb0>, <class 'float'>: <function Float2Str at 0x74106fc88f60>, <class 'NoneType'>: <function None2NULL at 0x74106fc89010>, <class 'array.array'>: <function array2Str at 0x74106fc89220>, <class 'bool'>: <function Bool2Str at 0x74106fc88ca0>, <class 'datetime.date'>: <function Thing2Literal at 0x74106fc890c0>, <class 'datetime.datetime'>: <function DateTime2literal at 0x74106fc88720>, <class 'datetime.timedelta'>: <function escape_timedelta at 0x74106fc8b060>, <class 'set'>: <function Set2Str at 0x74106fc88e00>, <class 'decimal.Decimal'>: <function Decimal2Literal at 0x74106fc89170>, 1: <class 'int'>, 2: <c...t'>: <function escape_dict at 0x74106fc8b110>, <class 'frozenset'>: <function escape_frozenset at 0x74106fc4fab0>}, 'charset': 'utf8mb4', 'use_unicode': True, 'local_infile': False, 'multi_statements': False, 'database': '_6f50fd9bd43e311e', 'host': '127.0.0.1', 'port': 3306, 'password': '********'}
      Connection = MySQLdb.connections.Connection
  File "env/lib/python3.14/site-packages/MySQLdb/connections.py", line 200, in __init__
    super().__init__(*args, **kwargs2)
      self = <_mysql.connection open to '(null)' at 0x26d29650>
      args = ()
      kwargs = {'user': '_6f50fd9bd43e311e', 'conv': {<class 'int'>: <function Thing2Str at 0x74106fc88eb0>, <class 'float'>: <function Float2Str at 0x74106fc88f60>, <class 'NoneType'>: <function None2NULL at 0x74106fc89010>, <class 'array.array'>: <function array2Str at 0x74106fc89220>, <class 'bool'>: <function Bool2Str at 0x74106fc88ca0>, <class 'datetime.date'>: <function Thing2Literal at 0x74106fc890c0>, <class 'datetime.datetime'>: <function DateTime2literal at 0x74106fc88720>, <class 'datetime.timedelta'>: <function escape_timedelta at 0x74106fc8b060>, <class 'set'>: <function Set2Str at 0x74106fc88e00>, <class 'decimal.Decimal'>: <function Decimal2Literal at 0x74106fc89170>, 1: <class 'int'>, 2: <c...t'>: <function escape_dict at 0x74106fc8b110>, <class 'frozenset'>: <function escape_frozenset at 0x74106fc4fab0>}, 'charset': 'utf8mb4', 'use_unicode': True, 'local_infile': False, 'multi_statements': False, 'database': '_6f50fd9bd43e311e', 'host': '127.0.0.1', 'port': 3306, 'password': '********'}
      CLIENT = <module 'MySQLdb.constants.CLIENT' from 'env/lib/python3.14/site-packages/MySQLdb/constants/CLIENT.py'>
      FIELD_TYPE = <module 'MySQLdb.constants.FIELD_TYPE' from 'env/lib/python3.14/site-packages/MySQLdb/constants/FIELD_TYPE.py'>
      conversions = {<class 'int'>: <function Thing2Str at 0x74106fc88eb0>, <class 'float'>: <function Float2Str at 0x74106fc88f60>, <class 'NoneType'>: <function None2NULL at 0x74106fc89010>, <class 'array.array'>: <function array2Str at 0x74106fc89220>, <class 'bool'>: <function Bool2Str at 0x74106fc88ca0>, <class 'datetime.date'>: <function Thing2Literal at 0x74106fc890c0>, <class 'datetime.datetime'>: <function DateTime2literal at 0x74106fc88720>, <class 'datetime.timedelta'>: <function DateTimeDelta2literal at 0x74106fc887d0>, <class 'set'>: <function Set2Str at 0x74106fc88e00>, <class 'decimal.Decimal'>: <function Decimal2Literal at 0x74106fc89170>, 1: <class 'int'>, 2: <class 'int'>, 3: <class 'int'>, 4:...r_None at 0x74106fc88460>, 11: <function TimeDelta_or_None at 0x74106fc88510>, 10: <function Date_or_None at 0x74106fc88670>, 249: <class 'bytes'>, 250: <class 'bytes'>, 251: <class 'bytes'>, 252: <class 'bytes'>, 254: <class 'bytes'>, 253: <class 'bytes'>, 15: <class 'bytes'>, 245: <class 'bytes'>}
      _bytes_or_str = ((128, bytes), (None, str))
      kwargs2 = {'user': '_6f50fd9bd43e311e', 'conv': {<class 'int'>: <function Thing2Str at 0x74106fc88eb0>, <class 'float'>: <function Float2Str at 0x74106fc88f60>, <class 'NoneType'>: <function None2NULL at 0x74106fc89010>, <class 'array.array'>: <function array2Str at 0x74106fc89220>, <class 'bool'>: <function Bool2Str at 0x74106fc88ca0>, <class 'datetime.date'>: <function Thing2Literal at 0x74106fc890c0>, <class 'datetime.datetime'>: <function DateTime2literal at 0x74106fc88720>, <class 'datetime.timedelta'>: <function escape_timedelta at 0x74106fc8b060>, <class 'set'>: <function Set2Str at 0x74106fc88e00>, <class 'decimal.Decimal'>: <function Decimal2Literal at 0x74106fc89170>, 1: <class 'int'>, 2: <c...ass 'bytes'>, <class 'dict'>: <function escape_dict at 0x74106fc8b110>, <class 'frozenset'>: <function escape_frozenset at 0x74106fc4fab0>}, 'charset': 'utf8mb4', 'local_infile': False, 'database': '_6f50fd9bd43e311e', 'host': '127.0.0.1', 'port': 3306, 'password': '********', 'client_flag': 131072}
      conv = {<class 'int'>: <function Thing2Str at 0x74106fc88eb0>, <class 'float'>: <function Float2Str at 0x74106fc88f60>, <class 'NoneType'>: <function None2NULL at 0x74106fc89010>, <class 'array.array'>: <function array2Str at 0x74106fc89220>, <class 'bool'>: <function Bool2Str at 0x74106fc88ca0>, <class 'datetime.date'>: <function Thing2Literal at 0x74106fc890c0>, <class 'datetime.datetime'>: <function DateTime2literal at 0x74106fc88720>, <class 'datetime.timedelta'>: <function escape_timedelta at 0x74106fc8b060>, <class 'set'>: <function Set2Str at 0x74106fc88e00>, <class 'decimal.Decimal'>: <function Decimal2Literal at 0x74106fc89170>, 1: <class 'int'>, 2: <class 'int'>, 3: <class 'int'>, 4: <cla...249: <class 'bytes'>, 250: <class 'bytes'>, 251: <class 'bytes'>, 252: <class 'bytes'>, 254: <class 'bytes'>, 253: <class 'bytes'>, 15: <class 'bytes'>, 245: <class 'bytes'>, <class 'dict'>: <function escape_dict at 0x74106fc8b110>, <class 'frozenset'>: <function escape_frozenset at 0x74106fc4fab0>}
      conv2 = {<class 'int'>: <function Thing2Str at 0x74106fc88eb0>, <class 'float'>: <function Float2Str at 0x74106fc88f60>, <class 'NoneType'>: <function None2NULL at 0x74106fc89010>, <class 'array.array'>: <function array2Str at 0x74106fc89220>, <class 'bool'>: <function Bool2Str at 0x74106fc88ca0>, <class 'datetime.date'>: <function Thing2Literal at 0x74106fc890c0>, <class 'datetime.datetime'>: <function DateTime2literal at 0x74106fc88720>, <class 'datetime.timedelta'>: <function escape_timedelta at 0x74106fc8b060>, <class 'set'>: <function Set2Str at 0x74106fc88e00>, <class 'decimal.Decimal'>: <function Decimal2Literal at 0x74106fc89170>, 1: <class 'int'>, 2: <class 'int'>, 3: <class 'int'>, 4: <cla...249: <class 'bytes'>, 250: <class 'bytes'>, 251: <class 'bytes'>, 252: <class 'bytes'>, 254: <class 'bytes'>, 253: <class 'bytes'>, 15: <class 'bytes'>, 245: <class 'bytes'>, <class 'dict'>: <function escape_dict at 0x74106fc8b110>, <class 'frozenset'>: <function escape_frozenset at 0x74106fc4fab0>}
      k = frozenset
      v = <function escape_frozenset at 0x74106fc4fab0>
      cursorclass = MySQLdb.cursors.Cursor
      charset = 'utf8mb4'
      collation = ''
      use_unicode = True
      sql_mode = ''
      client_flag = 131072
      multi_statements = False
      autocommit = False
      __class__ = MySQLdb.connections.Connection
MySQLdb.OperationalError: (1045, "Access denied for user '_6f50fd9bd43e311e'@'localhost' (using password: YES)")
